"","Codigo.particpante","Promedio_Acumulado","Edad_a..os","Sexo.","Grado_Escolar","Colegio","Ciudad_Residencia","Nacionalidad","CI_._Factor.g.R","TA_Total","CI_Total","PE_total","Grit.S","EP_Total","O_total","CP_Total","ESP_Total","PE_Total","DA_Total","Preocupaci..n_perfeccionista","Esfuerzo_Perfeccionista","Perfeccionismo_de_.Frost","PA1","PA2","PA3","PA4","PA5","PA6","PA7","PA8","PA9","PA10","PA11","PA12","PA13","PA14","PA15","PA16","PA.Total","PSP1","PSP2","PSP3","PSP4","PSP5","PSP6","PSP7","PSP8","PSP9","PSP_Total","POO1","POO2","POO3","POO4","POO5","POO6","POO7","POO_Total","iq_g_115","iq_g_128","iq_g_median","even_odd","location","total_score_oros"
"1",1,"3.6",13,"2",6,5,3,1,107,17,3.4375,4.0625,3.75,19,22,9,19,26,13,67,41,108,3,3,2,2,2,1,2,1,3,3,3,1,2,1,3,2,34,2,1,3,2,1,1,1,2,1,14,3,1,2,1,3,1,1,12,"below115","below128","above_m","odd","col",60
"2",2,"2.9",11,"1",6,5,3,1,104,16,3.125,2.8125,2.96875,17,21,14,22,24,18,73,43,116,2,2,2,1,1,2,2,1,2,3,2,3,2,3,3,3,34,2,2,2,2,3,2,1,2,2,18,1,1,1,1,1,1,1,7,"below115","below128","above_m","even","col",59
"3",3,"3.4",15,"2",7,5,3,1,112,23,1.5625,4.0625,2.8125,11,24,10,23,16,8,45,47,92,2,2,1,1,2,1,2,2,1,3,1,1,1,1,2,1,24,2,3,2,1,3,1,3,1,1,17,1,1,1,1,1,1,1,7,"below115","below128","above_m","odd","col",48
"4",4,"",12,"1",7,4,1,1,97,8,5,4.0625,4.53125,22,30,17,32,41,20,100,62,162,3,3,1,2,2,1,2,2,2,2,2,1,1,1,3,3,31,2,3,1,3,3,2,2,1,3,20,1,1,2,1,3,1,1,10,"below115","below128","below_m","even","col",61
"5",5,"",13,"1",8,4,1,1,107,8,4.0625,2.1875,3.125,17,10,17,19,17,8,59,29,88,2,2,3,1,1,3,1,1,1,1,1,1,1,3,1,1,24,1,1,3,1,1,2,3,3,3,18,1,1,3,1,1,1,1,9,"below115","below128","above_m","odd","col",51
"6",6,"",12,"1",6,10,5,2,95,23,3.125,3.75,3.4375,20,25,11,28,24,14,69,53,122,3,3,2,3,2,1,3,3,2,3,1,2,3,1,3,1,36,3,1,2,3,2,1,2,2,2,18,1,1,2,1,2,1,1,9,"below115","below128","below_m","even","mex",63
"7",7,"",14,"2",8,6,1,1,76,23,1.875,3.125,2.5,18,23,15,34,15,17,65,57,122,1,2,2,1,2,3,3,3,1,1,1,3,3,1,1,1,29,3,1,3,3,2,1,2,3,2,20,1,1,2,1,1,1,1,8,"below115","below128","below_m","odd","col",57
"8",8,"",14,"1",8,7,5,2,75,23,4.0625,2.8125,3.4375,14,23,9,21,22,12,57,44,101,2,2,3,3,3,2,3,3,2,3,2,3,3,3,3,3,43,2,2,1,1,1,1,1,1,3,13,1,1,1,1,1,1,1,7,"below115","below128","below_m","even","mex",63
"9",9,"",14,"1",9,7,5,2,101,21,2.8125,4.375,3.59375,14,18,9,32,26,12,61,50,111,3,2,3,2,2,2,3,2,3,2,3,2,3,1,3,1,37,3,1,1,1,1,1,2,1,1,12,1,1,1,1,1,1,1,7,"below115","below128","below_m","odd","mex",56
"10",10,"",13,"1",6,6,1,3,107,22,3.125,3.4375,3.28125,12,28,10,26,18,16,56,54,110,3,3,1,3,2,1,3,3,2,3,1,3,3,2,3,2,38,3,1,3,2,3,1,2,1,3,19,1,1,3,1,2,1,1,10,"below115","below128","above_m","even","col",67
"11",11,"",14,"1",8,6,1,1,105,20,3.4375,3.125,3.28125,16,14,8,18,16,12,52,32,84,3,3,2,3,1,1,1,1,3,3,2,3,2,3,3,2,36,2,1,2,1,1,3,2,1,3,16,2,2,1,1,2,1,1,10,"below115","below128","above_m","odd","col",62
"12",12,"",13,"2",8,1,1,1,72,25,4.375,3.75,4.0625,17,30,13,29,12,16,58,59,117,3,3,3,3,2,1,2,2,3,3,3,3,1,2,2,1,37,3,1,3,2,3,2,3,2,2,21,1,1,1,1,1,1,1,7,"below115","below128","below_m","even","col",65
"13",13,"4.2",14,"1",7,4,1,1,101,12,5,1.25,3.125,9,15,8,18,23,20,60,33,93,2,1,2,2,1,1,1,1,3,3,2,1,1,1,1,1,24,1,3,1,1,1,1,1,2,1,12,1,2,1,1,1,1,1,8,"below115","below128","below_m","odd","col",44
"14",14,"3.4",12,"1",6,5,3,1,83,23,2.1875,5,3.59375,17,28,9,26,29,20,75,54,129,2,2,3,2,1,2,3,1,1,3,2,2,2,3,3,3,35,2,2,2,2,1,1,2,1,2,15,2,1,2,1,1,1,1,9,"below115","below128","below_m","even","col",59
"15",15,"",11,"1",6,10,5,2,90,22,3.125,3.125,3.125,17,24,12,28,27,11,67,52,119,1,1,2,2,1,2,1,2,1,3,3,2,3,2,2,2,30,2,1,1,2,1,1,1,2,3,14,1,1,1,1,1,1,1,7,"below115","below128","below_m","odd","mex",51
"16",16,"3.2",12,"1",7,5,3,1,112,21,4.375,3.75,4.0625,23,25,19,25,37,19,98,50,148,3,3,2,3,3,2,3,2,2,3,2,3,2,3,3,3,42,3,3,2,3,3,2,2,2,3,23,1,2,1,1,2,1,1,9,"below115","below128","above_m","even","col",74
"17",17,"3.3",16,"2",9,5,3,1,103,22,2.5,4.0625,3.28125,14,27,13,30,16,13,56,57,113,3,1,2,2,1,2,1,2,2,2,3,1,3,1,2,1,29,1,1,3,2,1,1,2,2,1,14,2,1,1,1,2,1,1,9,"below115","below128","above_m","odd","col",52
"18",18,"3.6",13,"2",7,5,3,1,119,21,1.25,3.4375,2.34375,15,24,7,27,20,12,54,51,105,2,2,2,3,2,1,1,1,1,2,2,1,1,1,2,1,25,2,1,2,3,1,1,2,2,1,15,1,1,1,1,2,1,1,8,"above115","below128","above_m","even","col",48
"19",19,"3.2",14,"1",7,5,3,1,90,19,4.0625,2.8125,3.4375,20,23,14,25,36,20,90,48,138,3,3,2,2,1,1,2,1,2,3,2,3,1,3,3,3,35,3,3,2,3,3,2,2,2,2,22,1,1,2,1,1,1,1,8,"below115","below128","below_m","odd","col",65
"20",20,"",11,"2",7,7,5,2,82,22,2.5,4.375,3.4375,12,22,9,19,23,12,56,41,97,2,2,1,1,1,3,1,1,1,2,1,1,2,1,2,1,23,1,1,2,1,1,1,1,1,2,11,1,2,2,1,1,1,1,9,"below115","below128","below_m","even","mex",43
"21",21,"",12,"2",7,7,5,2,95,14,4.0625,2.5,3.28125,19,30,12,26,12,10,53,56,109,3,2,3,2,2,3,1,1,3,3,3,2,3,3,2,1,37,2,2,2,1,1,1,1,1,2,13,2,1,3,1,1,2,1,11,"below115","below128","below_m","odd","mex",61
"22",22,"3.1",14,"1",7,5,3,1,95,19,1.5625,3.125,2.34375,13,17,9,19,27,20,69,36,105,1,2,1,2,1,1,1,1,2,3,3,3,3,2,3,3,32,2,3,2,2,3,1,3,2,1,19,1,1,2,1,1,1,1,8,"below115","below128","below_m","even","col",59
"23",23,"",11,"1",6,6,1,1,117,10,2.1875,2.1875,2.1875,11,21,4,20,21,6,42,41,83,2,3,2,1,2,1,2,2,2,2,1,1,1,1,2,2,27,1,1,1,2,1,1,1,1,1,10,1,1,1,1,2,1,1,8,"above115","below128","above_m","odd","col",45
"24",24,"",11,"1",6,6,1,1,104,24,1.25,4.0625,2.65625,13,30,4,28,12,4,33,58,91,3,3,2,2,2,1,3,2,2,2,1,2,2,1,3,1,32,2,1,3,3,1,1,1,2,2,16,1,1,1,1,2,1,1,8,"below115","below128","above_m","even","col",56
"25",25,"",12,"1",8,8,6,2,111,18,3.125,3.125,3.125,21,22,16,24,29,17,83,46,129,2,2,2,3,2,2,3,2,3,2,2,2,3,2,3,1,36,3,2,2,2,3,3,2,3,3,23,1,1,2,1,2,1,1,9,"below115","below128","above_m","odd","mex",68
"26",26,"3.6",13,"2",7,5,3,1,108,19,2.5,4.0625,3.28125,8,18,4,14,13,4,29,32,61,2,1,1,1,1,3,1,1,3,2,1,1,1,1,1,1,22,1,1,2,1,1,1,2,1,1,11,1,1,1,1,1,1,1,7,"below115","below128","above_m","even","col",40
"27",27,"",12,"2",6,10,5,2,79,12,2.5,2.8125,2.65625,11,21,9,24,16,8,44,45,89,1,2,1,1,1,1,1,1,1,1,1,1,1,1,2,1,18,1,1,1,1,1,1,1,1,1,9,1,1,1,1,1,1,1,7,"below115","below128","below_m","odd","mex",34
"28",28,"",13,"1",8,8,6,2,107,14,3.75,2.1875,2.96875,8,10,5,8,10,4,27,18,45,2,2,2,2,2,2,2,1,2,2,2,2,2,2,2,2,31,2,1,2,2,2,2,1,2,1,15,1,1,1,1,1,1,1,7,"below115","below128","above_m","even","mex",53
"29",29,"4.2",12,"2",6,4,1,1,113,13,3.125,2.8125,2.96875,15,19,11,24,21,15,62,43,105,2,2,2,1,1,1,2,1,2,3,2,3,2,3,2,2,31,2,2,2,2,2,1,1,2,2,16,1,1,2,1,1,1,1,8,"below115","below128","above_m","odd","col",55
"30",30,"",15,"2",9,6,1,1,90,15,3.4375,2.5,2.96875,16,18,11,18,26,9,62,36,98,2,2,2,1,1,1,2,1,2,2,2,1,2,1,1,1,24,3,2,3,3,2,1,1,2,2,19,1,1,1,1,1,1,1,7,"below115","below128","below_m","even","col",50
"31",31,"3.3",14,"1",9,5,3,1,86,19,2.8125,3.4375,3.125,10,24,10,21,25,11,56,45,101,2,1,2,2,1,1,1,1,2,3,1,1,2,3,3,2,28,1,2,3,1,1,2,3,1,2,16,1,1,2,1,1,1,1,8,"below115","below128","below_m","odd","col",52
"32",32,"",13,"2",8,6,1,1,116,19,1.875,4.375,3.125,9,14,4,25,11,4,28,39,67,2,1,2,2,1,3,1,1,1,1,2,1,2,1,1,1,23,1,1,2,1,1,1,2,1,1,11,1,1,2,1,1,1,1,8,"above115","below128","above_m","even","col",42
"33",33,"",14,"1",7,6,1,1,108,19,2.5,2.8125,2.65625,18,27,8,29,17,15,58,56,114,2,2,2,2,2,1,2,2,2,3,1,1,1,1,2,1,27,3,1,3,3,1,2,2,1,2,18,3,2,1,1,3,1,1,12,"below115","below128","above_m","odd","col",57
"34",34,"",13,"1",8,9,5,2,109,25,1.875,5,3.4375,12,24,4,28,14,6,36,52,88,3,3,3,2,2,3,2,2,2,2,2,1,2,1,2,1,33,1,1,3,1,1,1,2,1,1,12,2,3,2,1,2,2,3,15,"below115","below128","above_m","even","mex",60
"35",35,"",14,"2",9,7,5,2,88,18,3.125,4.375,3.75,13,22,13,19,24,11,61,41,102,2,1,1,2,1,1,1,1,3,3,3,3,3,3,3,1,32,2,1,1,1,1,1,1,1,2,11,1,1,1,1,1,1,1,7,"below115","below128","below_m","odd","mex",50
"36",36,"",15,"2",8,6,1,1,96,25,2.1875,4.375,3.28125,21,24,9,28,31,16,77,52,129,2,3,1,1,1,1,1,2,2,3,2,2,1,3,1,1,27,2,2,2,2,2,2,1,2,2,17,1,1,3,1,1,1,1,9,"below115","below128","below_m","even","col",53
"37",37,"",13,"2",9,7,5,2,76,24,2.8125,2.8125,2.8125,19,29,17,30,36,19,91,59,150,3,3,2,3,3,1,2,2,2,3,1,3,2,3,3,3,39,3,1,3,2,1,2,1,2,3,18,1,1,2,1,3,1,1,10,"below115","below128","below_m","odd","mex",67
"38",38,"",13,"2",8,3,4,1,111,19,2.5,3.75,3.125,15,24,15,32,36,15,81,56,137,3,3,3,3,2,2,3,1,3,3,2,3,3,3,3,3,43,2,2,2,2,1,1,3,1,2,16,1,1,1,1,3,1,1,9,"below115","below128","above_m","even","col",68
"39",39,"",11,"2",6,5,3,1,117,25,1.25,3.125,2.1875,21,25,8,34,19,12,60,59,119,3,3,3,3,1,1,3,3,1,3,1,3,2,1,1,1,33,1,1,1,3,1,1,1,1,1,11,1,1,1,1,1,1,1,7,"above115","below128","above_m","odd","col",51
"40",40,"3.4",14,"2",8,5,3,1,105,17,1.25,4.0625,2.65625,20,26,17,28,16,19,72,54,126,3,2,3,2,2,1,1,1,2,3,3,3,2,3,3,3,37,2,2,2,3,1,1,2,1,3,17,1,1,1,1,1,1,1,7,"below115","below128","above_m","even","col",61
"41",41,"",12,"2",7,7,5,2,110,22,2.8125,3.125,2.96875,15,23,14,28,33,15,77,51,128,2,2,3,3,3,3,1,1,2,3,2,2,2,2,3,3,37,2,2,2,3,1,1,1,1,3,16,1,1,1,1,2,1,1,8,"below115","below128","above_m","odd","mex",61
"42",42,"",11,"2",7,7,5,2,100,23,2.8125,2.8125,2.8125,8,22,5,18,14,14,41,40,81,2,2,1,3,1,2,2,1,1,3,1,2,1,3,3,2,30,2,3,1,3,3,1,1,1,3,18,1,1,1,1,1,1,1,7,"below115","below128","below_m","even","mex",55
"43",43,"3.7",14,"1",7,5,3,1,100,23,4.0625,3.75,3.90625,20,24,11,27,30,14,75,51,126,3,3,2,2,2,2,2,3,3,3,3,3,2,1,3,1,38,2,2,3,2,1,1,3,2,3,19,1,1,3,1,2,1,1,10,"below115","below128","below_m","odd","col",67
"44",44,"4.1",15,"2",9,5,3,1,112,20,3.4375,4.375,3.90625,15,27,9,27,18,15,57,54,111,2,1,1,2,1,2,1,1,2,1,2,1,2,1,1,1,22,1,1,2,2,1,1,2,1,2,13,1,1,2,1,2,1,2,10,"below115","below128","above_m","even","col",45
"45",45,"",13,"1",7,1,1,1,112,24,4.6875,4.375,4.53125,16,29,10,23,16,15,57,52,109,2,2,2,3,2,2,1,1,2,2,2,1,1,1,2,1,27,1,1,2,1,1,1,3,1,2,13,1,1,1,1,1,1,1,7,"below115","below128","above_m","odd","col",47
"46",46,"4.2",13,"2",8,4,1,1,89,20,2.5,4.6875,3.59375,24,23,13,29,40,15,92,52,144,3,2,3,3,2,3,2,2,3,3,3,3,3,3,3,3,44,3,2,2,3,2,2,2,2,3,21,2,2,3,3,3,2,3,18,"below115","below128","below_m","even","col",83
"47",47,"3.4",15,"2",7,5,3,1,104,25,2.8125,4.375,3.59375,12,14,9,12,21,18,60,26,86,3,3,3,3,2,1,3,1,2,3,1,3,1,1,3,3,36,3,3,1,2,1,2,1,3,2,18,1,1,2,1,1,2,1,9,"below115","below128","above_m","odd","col",63
"48",48,"3.7",12,"1",6,5,3,1,111,5,3.125,2.1875,2.65625,15,26,8,26,14,12,49,52,101,2,2,1,2,1,1,2,1,1,3,1,2,1,2,1,1,24,2,1,2,2,1,1,1,1,2,13,1,2,1,1,2,1,1,9,"below115","below128","above_m","even","col",46
"49",49,"",12,"2",6,3,4,1,104,12,2.1875,2.5,2.34375,16,19,17,24,38,18,89,43,132,2,3,1,2,3,2,1,3,3,2,3,2,3,3,3,2,38,3,3,3,3,2,2,3,3,2,24,1,3,2,3,1,2,3,15,"below115","below128","above_m","odd","col",77
"50",50,"4,1",14,"1",8,5,3,1,89,23,1.5625,4.375,2.96875,15,29,11,27,21,10,57,56,113,3,2,2,2,1,1,2,1,2,3,2,2,2,2,2,1,30,2,2,3,2,2,1,1,2,2,17,1,1,2,1,2,1,1,9,"below115","below128","below_m","even","col",56
"51",51,"",13,"2",8,7,5,2,78,24,3.125,2.8125,2.96875,18,22,11,22,26,8,63,44,107,2,3,1,1,2,1,2,2,2,2,2,3,1,1,3,1,29,2,1,2,2,1,2,1,2,2,15,1,2,2,1,2,1,2,11,"below115","below128","below_m","odd","mex",55
"52",52,"",12,"2",7,7,5,2,88,18,2.1875,2.8125,2.5,13,20,7,17,30,15,65,37,102,2,2,3,1,2,1,2,3,2,1,1,1,2,3,3,2,31,1,2,2,1,2,2,3,1,2,16,1,2,2,1,2,1,1,10,"below115","below128","below_m","even","mex",57
"53",53,"",13,"2",8,7,5,2,98,23,4.0625,3.75,3.90625,14,26,16,30,31,17,78,56,134,2,3,1,3,1,1,2,1,2,3,1,3,3,3,2,2,33,2,3,2,3,3,1,1,2,3,20,1,1,2,1,1,1,1,8,"below115","below128","below_m","odd","mex",61
"54",54,"",11,"2",6,10,5,2,97,19,2.1875,3.125,2.65625,8,27,11,29,25,12,56,56,112,3,3,1,1,2,1,2,1,2,3,1,1,3,3,2,2,31,1,2,1,1,2,1,2,1,3,14,1,1,2,1,1,1,1,8,"below115","below128","below_m","even","mex",53
"55",55,"",16,"2",9,6,1,1,88,25,1.5625,5,3.28125,18,30,10,21,12,8,48,51,99,2,3,2,3,2,1,2,1,1,3,1,1,1,1,2,1,27,3,1,1,3,1,1,1,1,1,13,1,2,1,1,1,1,1,8,"below115","below128","below_m","odd","col",48
"56",56,"",13,"1",8,1,1,1,100,22,4.0625,3.75,3.90625,16,26,13,28,33,15,77,54,131,3,3,1,2,2,1,2,2,2,3,2,3,2,3,3,3,37,2,2,1,1,1,1,1,1,2,12,1,1,1,1,1,1,1,7,"below115","below128","below_m","even","col",56
"57",57,"",12,"1",7,3,4,1,88,22,5,2.8125,3.90625,15,26,16,31,43,18,92,57,149,3,3,2,3,2,1,2,2,3,3,2,3,3,3,3,3,41,2,1,2,2,2,1,1,2,3,16,1,1,1,1,3,1,1,9,"below115","below128","below_m","odd","col",66
"58",58,"",12,"2",7,7,5,2,110,18,3.125,2.5,2.8125,11,23,6,21,22,12,51,44,95,2,2,2,1,1,1,1,1,2,3,2,2,1,1,3,2,27,1,2,1,1,1,1,1,1,3,12,1,2,2,1,1,1,1,9,"below115","below128","above_m","even","mex",48
"59",59,"3.6",12,"1",6,5,3,1,111,23,2.1875,3.75,2.96875,13,23,16,15,17,9,55,38,93,2,2,1,1,1,1,1,1,2,3,1,3,1,3,3,2,28,1,1,1,1,1,1,1,2,3,12,1,1,1,1,1,1,1,7,"below115","below128","above_m","odd","col",47
"60",60,"",14,"2",9,1,1,1,95,24,3.4375,5,4.21875,16,28,6,29,24,7,53,57,110,2,2,3,3,3,3,1,1,2,3,2,3,3,2,3,2,38,1,2,2,2,1,1,2,1,1,13,1,1,2,1,3,1,1,10,"below115","below128","below_m","even","col",61
"61",61,"",12,"1",7,2,1,1,99,24,2.5,3.4375,2.96875,10,30,13,25,17,13,53,55,108,2,2,2,1,1,1,1,1,3,2,1,3,3,3,3,3,32,2,3,1,2,3,1,1,2,3,18,1,2,1,1,2,2,1,10,"below115","below128","below_m","odd","col",60
"62",62,"3.5",15,"2",7,5,3,1,117,19,2.8125,3.125,2.96875,15,23,15,24,19,5,54,47,101,1,1,1,3,1,1,1,1,2,3,2,1,3,1,1,1,24,1,1,2,1,1,1,1,1,2,11,1,1,1,1,1,1,1,7,"above115","below128","above_m","even","col",42
"63",63,"",13,"2",6,6,1,1,99,25,2.5,2.5,2.5,14,18,10,11,23,18,65,29,94,2,2,2,2,2,2,2,2,2,2,2,2,2,2,2,2,32,2,2,2,2,2,2,2,2,2,18,1,1,1,1,1,1,1,7,"below115","below128","below_m","odd","col",57
"64",64,"4.2",13,"1",8,4,1,1,98,21,4.0625,3.125,3.59375,23,23,18,25,36,19,96,48,144,3,2,2,3,2,1,2,1,2,3,1,3,3,3,3,2,36,2,2,3,3,2,2,2,2,2,20,2,1,1,1,3,1,1,10,"below115","below128","below_m","even","col",66
"65",65,"",13,"1",9,7,5,2,98,21,3.75,3.125,3.4375,12,27,13,17,18,10,53,44,97,2,2,1,1,1,1,2,1,2,3,3,3,2,1,3,2,30,1,2,3,2,3,2,1,2,2,18,1,1,2,1,2,1,1,9,"below115","below128","below_m","odd","mex",57
"66",66,"",14,"2",8,6,1,1,100,5,1.5625,3.125,2.34375,14,24,15,28,35,19,83,52,135,2,1,1,1,1,1,2,2,1,3,2,1,2,3,3,1,27,1,1,1,2,1,1,1,1,3,12,1,2,1,1,1,1,1,8,"below115","below128","below_m","even","col",47
"67",67,"",12,"2",6,6,1,1,74,25,2.1875,4.0625,3.125,12,20,7,8,21,12,52,28,80,3,2,1,1,1,1,1,2,1,2,1,2,1,2,3,2,26,1,1,1,1,1,1,1,1,2,10,1,1,1,1,1,1,1,7,"below115","below128","below_m","odd","col",43
"68",68,"",13,"1",6,6,1,1,92,24,3.75,3.125,3.4375,11,26,8,26,9,4,32,52,84,3,3,2,3,1,1,3,3,2,3,2,1,1,2,2,1,33,3,1,3,1,1,1,3,1,3,17,1,1,1,1,2,1,1,8,"below115","below128","below_m","even","col",58
"69",69,"",14,"1",9,7,5,2,84,24,4.375,3.75,4.0625,21,26,15,27,25,16,77,53,130,3,2,2,2,2,2,2,3,1,2,1,2,2,1,2,2,31,3,2,2,3,2,2,2,3,2,21,1,2,1,1,1,1,1,8,"below115","below128","below_m","odd","mex",60
"70",70,"",12,"1",7,6,1,1,91,13,3.4375,1.875,2.65625,17,19,12,19,25,15,69,38,107,2,1,1,2,3,3,2,2,3,2,1,2,3,3,2,2,34,2,1,3,1,2,1,2,1,2,15,3,1,3,1,1,2,1,12,"below115","below128","below_m","even","col",61
"71",71,"3.3",12,"1",7,5,3,3,88,18,3.4375,3.75,3.59375,20,21,17,21,26,17,80,42,122,1,2,2,3,1,1,2,2,2,3,2,3,3,3,3,3,36,3,3,2,3,3,3,1,2,3,23,1,1,2,1,2,1,1,9,"below115","below128","below_m","odd","col",68
"72",72,"",14,"1",9,7,5,2,73,16,4.375,2.1875,3.28125,11,24,17,22,33,8,69,46,115,1,2,3,3,1,3,1,1,1,2,3,1,3,2,1,3,31,2,3,1,2,2,1,3,1,3,18,1,2,1,3,2,3,2,14,"below115","below128","below_m","even","mex",63
"73",73,"",10,"2",7,8,6,2,112,25,1.875,4.375,3.125,9,29,4,27,14,6,33,56,89,2,3,2,2,2,1,2,2,2,2,1,1,3,2,2,1,30,1,1,1,1,1,1,1,1,1,9,3,2,2,1,1,1,1,11,"below115","below128","above_m","odd","mex",50
"74",74,"",13,"1",6,6,1,1,99,22,3.4375,4.0625,3.75,19,30,16,33,35,18,88,63,151,2,2,2,2,1,1,2,1,2,3,2,3,2,3,3,3,34,3,3,3,3,3,1,3,3,3,25,1,1,3,1,2,1,1,10,"below115","below128","below_m","even","col",69
"75",75,"",15,"1",9,6,1,1,112,17,4.0625,2.8125,3.4375,21,24,14,28,26,12,73,52,125,2,2,1,2,1,1,1,1,1,2,1,3,3,3,3,3,30,3,3,1,1,2,1,1,3,3,18,2,1,1,1,1,1,1,8,"below115","below128","above_m","odd","col",56
"76",76,"",11,"2",6,6,1,1,109,22,1.5625,3.4375,2.5,23,28,16,33,33,14,86,61,147,2,1,1,2,1,1,2,2,1,2,1,2,1,1,2,1,23,2,1,2,2,1,2,1,2,1,14,1,1,1,1,1,1,1,7,"below115","below128","above_m","even","col",44
"77",77,"",12,"1",7,8,6,2,106,7,2.1875,2.1875,2.1875,21,22,10,20,33,10,74,42,116,1,3,2,3,1,3,2,3,3,2,3,2,3,1,2,1,35,2,1,1,2,2,3,2,1,3,17,3,2,1,3,2,1,2,14,"below115","below128","above_m","odd","mex",66
"78",78,"",13,"1",8,1,1,1,103,18,3.75,3.4375,3.59375,15,19,9,23,32,15,71,42,113,2,3,3,2,2,3,2,2,2,3,2,2,3,3,1,2,37,2,2,2,2,1,1,1,2,2,15,2,2,2,1,2,2,1,12,"below115","below128","above_m","even","col",64
"79",79,"",14,"1",8,3,4,1,98,24,1.25,4.6875,2.96875,16,27,10,29,13,13,52,56,108,2,2,2,2,1,1,1,1,1,2,1,1,1,2,2,1,23,2,1,1,1,1,1,1,1,1,10,1,1,1,1,1,1,1,7,"below115","below128","below_m","odd","col",40
"80",80,"",12,"1",7,7,5,2,117,21,3.125,3.75,3.4375,17,27,10,25,18,13,58,52,110,2,2,1,2,2,1,2,2,2,3,2,3,3,3,3,1,34,1,1,3,2,1,1,2,2,2,15,2,1,2,1,1,1,1,9,"above115","below128","above_m","even","mex",58
"81",81,"",11,"2",6,6,1,1,95,18,2.8125,3.4375,3.125,21,19,14,15,24,12,71,34,105,1,1,1,2,1,1,1,2,1,2,2,1,2,2,2,2,24,1,1,2,1,1,1,1,1,1,10,1,3,2,1,3,1,1,12,"below115","below128","below_m","odd","col",46
"82",82,"4.2",13,"2",8,4,1,1,111,17,1.875,4.0625,2.96875,15,25,8,29,34,18,75,54,129,3,2,3,3,3,3,2,1,3,3,3,2,3,2,3,1,40,1,1,1,1,1,1,1,2,1,10,1,2,3,1,2,1,1,11,"below115","below128","above_m","even","col",61
"83",83,"3.4",14,"1",6,5,3,1,99,17,4.6875,2.8125,3.75,24,21,20,29,34,19,97,50,147,3,2,3,3,3,3,3,3,3,3,3,3,3,3,3,3,47,3,3,1,3,3,3,1,3,3,23,3,2,3,2,1,1,1,13,"below115","below128","below_m","odd","col",83
"84",84,"2.9",12,"1",6,5,3,1,100,20,3.75,3.4375,3.59375,21,20,9,25,32,14,76,45,121,3,3,2,3,2,1,3,2,3,3,3,3,3,2,3,1,40,2,2,3,3,2,2,2,2,3,21,2,1,2,1,2,1,1,10,"below115","below128","below_m","even","col",71
"85",85,"",15,"1",7,6,1,1,86,23,3.125,2.8125,2.96875,16,29,12,30,23,14,65,59,124,3,3,1,2,1,1,2,1,1,3,1,1,3,1,1,1,26,3,1,3,2,1,1,1,1,2,15,1,1,3,1,1,1,1,9,"below115","below128","below_m","odd","col",50
"86",86,"3.4",13,"2",8,5,3,1,87,24,3.75,4.0625,3.90625,22,26,18,33,24,12,76,59,135,3,3,2,2,2,1,3,1,2,2,2,3,1,1,2,1,31,3,1,3,3,1,2,2,3,2,20,1,1,1,1,2,2,1,9,"below115","below128","below_m","even","col",60
"87",87,"3.3",12,"1",7,5,3,1,101,18,2.8125,3.4375,3.125,12,20,17,18,27,13,69,38,107,1,1,1,2,1,2,1,2,2,2,3,1,3,2,2,2,28,1,3,1,1,1,1,2,1,3,14,1,1,1,1,2,1,1,8,"below115","below128","below_m","odd","col",50
"88",88,"3.5",15,"1",9,5,2,1,93,24,2.5,3.4375,2.96875,21,24,12,28,30,14,77,52,129,3,3,2,2,2,1,3,2,2,3,3,3,3,3,3,3,41,3,2,2,2,3,2,2,1,3,20,2,1,2,1,2,1,1,10,"below115","below128","below_m","even","col",71
"89",89,"",11,"1",6,6,1,1,85,25,2.8125,5,3.90625,15,18,16,27,9,20,60,45,105,2,2,1,3,2,1,2,2,1,3,1,1,1,1,3,1,27,1,1,2,3,1,1,1,1,3,14,1,3,1,1,1,1,1,9,"below115","below128","below_m","odd","col",50
"90",90,"",11,"2",6,10,5,2,95,19,1.25,1.875,1.5625,10,17,7,19,17,9,43,36,79,2,3,3,3,2,1,2,1,3,2,2,2,3,3,3,2,37,1,1,1,1,1,1,1,1,2,10,1,1,2,1,1,1,1,8,"below115","below128","below_m","even","mex",55
"91",91,"",14,"1",9,7,5,2,80,22,3.125,3.125,3.125,17,22,13,21,31,14,75,43,118,2,2,3,3,3,3,2,3,3,3,3,3,2,3,3,3,44,2,3,3,3,2,2,3,2,2,22,2,1,1,1,1,1,1,8,"below115","below128","below_m","odd","mex",74
"92",92,"4",14,"2",8,5,3,1,113,17,2.1875,2.5,2.34375,14,14,8,17,12,9,43,31,74,1,2,1,1,1,2,1,1,2,2,2,1,2,1,2,1,23,2,1,1,1,1,1,1,1,1,10,1,1,2,1,1,1,1,8,"below115","below128","above_m","even","col",41
"93",93,"",11,"2",6,10,5,2,111,11,2.5,1.5625,2.03125,12,21,15,28,40,19,86,49,135,2,2,1,3,1,1,1,1,1,3,1,3,1,3,3,3,30,1,1,1,1,1,2,1,1,3,12,1,1,1,1,1,1,1,7,"below115","below128","above_m","odd","mex",49
"94",94,"3.4",12,"1",7,5,3,1,100,19,2.8125,2.1875,2.5,15,19,8,21,23,11,57,40,97,2,2,1,2,1,1,2,2,2,2,1,1,2,2,2,1,26,1,1,2,2,1,1,1,1,2,12,1,2,2,1,2,1,1,10,"below115","below128","below_m","even","col",48
"95",95,"4.3",13,"2",8,5,3,1,113,19,2.5,3.4375,2.96875,16,27,5,23,21,10,52,50,102,2,2,1,1,1,1,3,2,2,2,1,1,2,1,2,1,25,1,1,1,1,2,2,1,1,2,12,2,1,1,1,1,1,1,8,"below115","below128","above_m","odd","col",45
"96",96,"4.2",12,"2",6,4,1,1,111,18,4.375,2.8125,3.59375,21,23,11,22,23,9,64,45,109,3,2,2,2,3,1,3,1,3,3,3,2,2,3,3,2,38,2,2,3,2,1,2,1,1,2,16,1,1,3,1,1,1,1,9,"below115","below128","above_m","even","col",63
"97",97,"4.2",12,"1",7,4,1,1,108,23,3.75,3.125,3.4375,18,24,12,24,28,17,75,48,123,2,3,2,1,2,3,3,3,2,2,3,3,3,1,2,1,36,2,2,2,2,1,1,1,1,2,14,1,1,1,1,2,1,1,8,"below115","below128","above_m","odd","col",58
"98",98,"",14,"2",7,6,1,1,97,23,4.6875,4.6875,4.6875,23,29,16,28,29,14,82,57,139,3,3,3,2,3,2,3,3,2,3,1,2,3,1,2,1,37,2,2,3,3,3,2,2,2,3,22,1,1,1,1,1,1,1,7,"below115","below128","below_m","even","col",66
"99",99,"",13,"2",6,6,1,1,95,25,2.8125,2.5,2.65625,14,9,7,15,15,6,42,24,66,3,2,3,2,1,3,2,3,3,2,3,2,3,2,1,3,38,3,1,3,3,1,3,1,3,2,20,2,1,3,1,3,3,1,14,"below115","below128","below_m","odd","col",72
"100",100,"3",12,"1",6,5,3,1,107,14,3.4375,3.125,3.28125,20,22,20,26,31,20,91,48,139,2,2,1,2,1,1,1,2,2,3,2,3,2,3,3,3,33,2,2,2,2,2,1,2,1,3,17,1,1,1,1,1,1,1,7,"below115","below128","above_m","even","col",57
"101",101,"",16,"2",9,6,1,1,77,15,2.1875,4.375,3.28125,21,23,5,21,24,11,61,44,105,2,2,3,3,2,1,2,2,1,2,1,2,2,1,2,1,29,1,1,2,1,1,1,2,1,1,11,1,1,2,1,1,1,1,8,"below115","below128","below_m","odd","col",48
"102",102,"",16,"2",9,6,1,1,116,15,3.75,3.125,3.4375,15,20,11,21,21,10,57,41,98,2,2,2,2,2,2,2,2,2,2,2,2,2,2,2,2,32,2,2,2,2,2,2,2,2,2,18,2,2,2,2,2,2,2,14,"above115","below128","above_m","even","col",64
"103",103,"",13,"1",8,7,5,2,78,17,3.125,2.8125,2.96875,16,21,17,28,24,13,70,49,119,2,3,1,3,2,3,2,2,2,3,2,3,2,3,2,3,38,3,2,3,2,3,2,2,3,2,22,1,1,2,1,1,2,1,9,"below115","below128","below_m","odd","mex",69
"104",104,"",16,"1",8,6,1,1,94,9,1.5625,2.5,2.03125,25,13,15,34,24,7,71,47,118,3,3,2,3,2,3,3,3,3,3,3,3,3,3,3,3,46,3,3,2,3,3,3,1,3,3,24,2,1,3,1,2,1,1,11,"below115","below128","below_m","even","col",81
"105",105,"3.9",14,"1",8,5,2,1,85,23,2.1875,3.4375,2.8125,17,24,11,21,22,10,60,45,105,2,3,2,1,2,1,2,3,2,2,1,2,2,2,3,1,31,2,1,2,2,1,1,1,2,3,15,1,1,1,1,2,1,1,8,"below115","below128","below_m","odd","col",54
"106",106,"",15,"1",9,6,1,1,82,18,2.8125,2.8125,2.8125,19,20,15,22,29,11,74,42,116,2,2,2,2,1,1,2,2,2,3,2,2,1,2,2,2,30,2,2,3,3,1,1,1,2,3,18,1,2,1,1,2,1,1,9,"below115","below128","below_m","even","col",57
"107",107,"",12,"1",8,8,6,2,118,22,2.5,2.5,2.5,14,21,9,22,17,15,55,43,98,2,2,3,1,1,2,1,1,3,3,1,2,2,3,1,3,31,2,1,3,2,1,1,1,1,1,13,1,1,2,1,2,1,1,9,"above115","below128","above_m","odd","mex",53
"108",108,"",13,"1",8,6,1,1,98,18,2.1875,2.8125,2.5,10,29,11,24,26,13,60,53,113,2,2,2,2,3,2,1,1,2,3,2,1,3,2,2,1,31,1,1,1,1,2,1,1,2,3,13,1,1,2,1,2,1,1,9,"below115","below128","below_m","even","col",53
"109",109,"3",15,"1",9,5,3,1,93,20,3.4375,3.125,3.28125,14,23,10,25,23,18,65,48,113,2,2,1,2,1,1,1,1,2,2,1,2,2,3,3,1,27,1,1,3,2,1,1,1,1,3,14,1,1,1,1,1,1,1,7,"below115","below128","below_m","odd","col",48
"110",110,"",11,"1",6,10,5,2,107,21,3.125,3.125,3.125,19,19,9,21,19,15,62,40,102,2,1,3,1,1,3,1,1,2,3,1,3,1,1,1,1,26,2,1,3,2,1,1,1,1,2,14,1,1,1,1,1,1,1,7,"below115","below128","above_m","even","mex",47
"111",111,"",11,"1",6,6,1,1,117,7,1.5625,5,3.28125,8,29,4,27,10,9,31,56,87,3,3,3,2,3,1,3,1,1,1,1,1,3,2,1,1,30,1,1,1,1,1,1,1,1,3,11,1,1,1,1,3,1,1,9,"above115","below128","above_m","odd","col",50
"112",112,"",14,"2",9,7,5,2,98,21,1.875,3.125,2.5,17,23,13,26,18,11,59,49,108,1,1,1,2,2,1,1,2,2,3,2,3,2,3,3,2,31,2,2,1,2,3,2,3,2,1,18,1,1,1,1,1,1,1,7,"below115","below128","below_m","even","mex",56
"113",113,"",14,"1",8,6,1,1,81,14,2.1875,4.6875,3.4375,11,15,12,26,33,17,73,41,114,2,2,1,3,2,1,2,1,3,3,1,3,2,2,2,3,33,2,2,3,2,1,2,2,2,2,18,2,1,1,1,2,1,2,10,"below115","below128","below_m","odd","col",61
"114",114,"",13,"2",9,7,5,2,84,21,2.8125,2.5,2.65625,17,21,14,28,24,15,70,49,119,3,3,2,2,2,1,2,1,2,2,2,3,3,2,2,1,33,1,1,1,2,1,1,1,2,2,12,1,2,1,1,2,1,1,9,"below115","below128","below_m","even","mex",54
"115",115,"3.5",14,"1",7,5,3,1,97,21,5,4.375,4.6875,17,24,5,32,18,14,54,56,110,3,3,2,2,2,1,2,1,2,3,1,1,2,2,2,1,30,2,1,2,2,1,1,1,2,1,13,2,1,1,1,1,2,1,9,"below115","below128","below_m","odd","col",52
"116",116,"",16,"2",9,6,1,1,95,21,1.25,1.25,1.25,8,10,5,7,9,4,26,17,43,3,3,3,3,3,3,3,3,1,2,1,3,1,1,1,1,35,1,1,3,3,3,1,2,1,1,16,1,1,1,1,1,1,1,7,"below115","below128","below_m","even","col",58
"117",117,"",11,"2",6,6,1,1,102,23,1.5625,3.75,2.65625,7,12,4,9,9,4,24,21,45,2,3,1,1,1,1,2,2,2,1,1,3,1,3,3,2,29,2,1,2,1,2,1,1,1,1,12,1,1,1,1,1,1,1,7,"below115","below128","below_m","odd","col",48
"118",118,"",13,"2",8,7,5,2,93,18,2.1875,2.8125,2.5,13,21,9,23,23,10,55,44,99,3,3,2,2,2,1,3,3,2,2,3,3,2,3,3,3,40,2,1,2,2,1,1,1,1,3,14,2,2,3,1,1,1,1,11,"below115","below128","below_m","even","mex",65
"119",119,"",11,"1",6,5,3,1,104,21,3.75,4.0625,3.90625,9,23,13,20,18,14,54,43,97,3,3,3,2,2,2,2,1,2,3,2,3,3,3,3,3,40,2,2,1,2,1,1,1,2,2,14,1,1,2,1,3,1,1,10,"below115","below128","above_m","odd","col",64
"120",120,"",11,"2",6,1,1,1,89,23,2.5,3.4375,2.96875,25,27,13,27,44,16,98,54,152,2,3,2,2,3,3,3,3,2,3,2,2,3,2,3,3,41,3,2,2,3,3,1,2,3,2,21,1,1,1,1,2,1,1,8,"below115","below128","below_m","even","col",70
"121",121,"2.4",13,"2",7,5,3,1,85,17,3.4375,2.5,2.96875,17,19,12,18,20,18,67,37,104,2,2,2,1,2,1,1,1,1,2,1,1,1,2,3,1,24,3,3,2,3,3,2,1,3,2,22,1,1,1,1,1,1,1,7,"below115","below128","below_m","odd","col",53
"122",122,"3.1",12,"1",6,5,3,3,93,24,1.875,4.0625,2.96875,22,30,14,35,44,11,91,65,156,3,3,3,3,3,2,3,3,1,3,1,3,3,1,3,1,39,1,1,3,3,1,1,1,1,2,14,1,1,1,1,1,1,1,7,"below115","below128","below_m","even","col",60
"123",123,"",13,"2",7,9,5,2,106,24,3.75,3.4375,3.59375,22,28,16,34,44,19,101,62,163,3,3,3,3,3,3,3,2,3,3,2,3,3,3,3,3,46,2,2,3,3,2,2,3,2,2,21,2,2,3,3,3,3,2,18,"below115","below128","above_m","odd","mex",85
"124",124,"",12,"2",7,7,5,2,91,24,5,4.6875,4.84375,16,28,10,28,10,12,48,56,104,1,1,1,1,1,1,2,1,1,1,1,1,1,2,2,1,19,1,1,1,1,1,1,1,1,1,9,1,1,1,1,1,1,1,7,"below115","below128","below_m","even","mex",35
"125",125,"",16,"1",9,6,1,1,95,24,1.875,5,3.4375,20,30,6,25,15,16,57,55,112,3,3,3,2,2,2,2,2,3,3,3,3,2,2,3,1,39,2,1,3,3,2,2,1,1,2,17,3,2,3,1,1,1,1,12,"below115","below128","below_m","odd","col",68
"126",126,"",13,"2",7,6,1,1,91,23,2.1875,4.0625,3.125,20,26,16,25,24,13,73,51,124,1,1,1,1,1,1,1,1,1,1,1,1,1,1,1,3,18,3,3,3,3,3,3,3,3,3,27,3,3,3,3,3,3,3,21,"below115","below128","below_m","even","col",66
"127",127,"",11,"2",6,10,5,2,95,17,1.5625,3.75,2.65625,12,23,5,27,15,9,41,50,91,2,3,2,1,1,1,2,3,2,1,2,1,1,1,2,1,26,2,1,3,3,1,1,2,1,2,16,1,2,2,1,1,1,1,9,"below115","below128","below_m","odd","mex",51
"128",128,"",15,"2",9,6,1,1,108,21,2.5,3.4375,2.96875,7,29,12,25,21,18,58,54,112,2,1,2,1,1,3,1,1,1,3,2,3,2,3,3,3,32,1,1,1,1,1,1,1,1,3,11,1,1,2,1,1,1,1,8,"below115","below128","above_m","even","col",51
"129",129,"4",12,"1",7,2,1,1,95,18,2.1875,1.875,2.03125,10,24,8,18,22,8,48,42,90,1,2,1,2,1,1,1,2,1,2,1,1,2,2,2,1,23,1,2,2,1,1,1,3,1,3,15,1,1,1,1,1,1,1,7,"below115","below128","below_m","odd","col",45
"130",130,"",11,"2",6,10,5,2,89,23,2.8125,1.875,2.34375,10,16,10,19,19,7,46,35,81,1,2,3,3,1,1,1,2,2,3,2,3,2,1,2,1,30,2,1,2,2,1,1,1,2,1,13,1,1,1,2,1,1,1,8,"below115","below128","below_m","even","mex",51
"131",131,"",15,"2",9,6,1,1,98,19,2.8125,4.375,3.59375,17,14,10,25,25,11,63,39,102,2,3,3,2,1,1,1,1,3,3,3,2,3,1,3,2,34,1,2,1,2,3,1,1,2,3,16,1,1,1,1,2,1,1,8,"below115","below128","below_m","odd","col",58
"132",132,"",12,"2",7,3,4,1,106,20,2.8125,3.75,3.28125,9,23,8,22,12,9,38,45,83,2,2,2,3,1,1,1,1,2,2,1,1,1,2,2,1,25,1,2,1,1,1,1,1,1,2,11,1,1,1,1,1,1,1,7,"below115","below128","above_m","even","col",43
"133",133,"",12,"1",7,7,5,2,88,21,3.75,3.125,3.4375,12,20,13,27,18,13,56,47,103,3,2,2,2,3,1,2,2,3,3,2,2,1,2,2,2,34,2,1,2,2,1,2,1,2,2,15,2,2,3,3,2,3,1,16,"below115","below128","below_m","odd","mex",65
"134",134,"",11,"2",7,7,5,2,99,20,3.4375,3.75,3.59375,12,20,7,21,14,11,44,41,85,1,2,1,3,1,1,2,2,1,3,1,1,2,1,2,1,25,1,1,1,2,1,1,1,2,3,13,1,1,2,1,1,1,1,8,"below115","below128","below_m","even","mex",46
"135",135,"3.6",15,"1",8,5,3,1,89,23,2.1875,4.0625,3.125,10,26,9,19,20,6,45,45,90,1,2,1,2,1,1,1,2,1,2,1,2,2,1,2,1,23,1,1,1,3,1,2,1,1,2,13,1,1,1,1,1,1,1,7,"below115","below128","below_m","odd","col",43
"136",136,"",12,"1",6,10,5,2,89,22,3.75,4.6875,4.21875,14,20,9,27,23,15,61,47,108,3,2,3,3,2,3,3,2,2,3,2,2,1,1,2,2,36,2,1,3,3,2,2,1,2,2,18,1,1,1,1,2,2,1,9,"below115","below128","below_m","even","mex",63
"137",137,"3.6",11,"2",6,5,3,1,81,16,2.5,4.375,3.4375,20,26,17,31,25,15,77,57,134,3,2,1,3,2,2,2,1,3,2,1,2,1,2,1,1,29,3,2,3,2,1,2,2,1,2,18,1,1,2,1,2,1,1,9,"below115","below128","below_m","odd","col",56
"138",138,"",12,"2",8,8,6,2,101,10,2.5,2.5,2.5,5,6,4,7,9,4,22,13,35,2,2,2,2,2,2,2,2,2,2,2,2,2,2,2,2,32,2,2,2,2,2,2,2,2,2,18,2,2,2,2,2,2,2,14,"below115","below128","below_m","even","mex",64
"139",139,"",14,"2",9,7,5,2,72,25,1.875,4.375,3.125,18,26,14,31,26,9,67,57,124,3,3,2,3,2,2,2,3,3,3,2,3,3,2,3,3,42,3,3,3,3,3,2,2,3,2,24,1,2,1,1,2,2,1,10,"below115","below128","below_m","odd","mex",76
"140",140,"",11,"1",6,6,1,1,92,24,3.75,5,4.375,9,30,4,32,28,12,53,62,115,3,3,3,3,3,3,3,2,2,3,3,3,3,3,1,2,43,1,1,3,1,2,1,1,1,2,13,1,1,2,1,1,1,1,8,"below115","below128","below_m","even","col",64
"141",141,"",14,"1",8,7,5,2,87,23,4.6875,5,4.84375,19,21,12,23,27,15,73,44,117,3,2,2,3,1,1,2,2,3,2,3,3,3,3,3,3,39,2,1,2,2,1,1,2,2,3,16,3,2,2,1,3,1,1,13,"below115","below128","below_m","odd","mex",68
"142",142,"4.2",13,"1",6,4,1,1,102,17,1.875,1.875,1.875,23,23,11,29,20,9,63,52,115,3,3,3,3,3,3,3,1,3,3,3,3,3,3,3,2,45,3,2,3,3,1,1,1,2,2,18,1,2,2,1,3,1,1,11,"below115","below128","below_m","even","col",74
"143",143,"3.7",12,"2",7,4,1,1,108,23,3.125,3.4375,3.28125,20,25,16,27,30,14,80,52,132,3,2,1,1,2,1,2,1,2,2,2,3,2,2,2,1,29,2,2,2,3,1,2,1,2,2,17,2,2,1,1,3,1,1,11,"below115","below128","above_m","odd","col",57
"144",144,"3.2",12,"1",7,5,3,1,99,19,2.1875,2.5,2.34375,12,23,8,20,22,13,55,43,98,2,2,1,3,1,1,1,2,2,2,2,1,2,1,2,1,26,2,1,2,2,2,1,3,2,2,17,1,1,1,1,1,1,1,7,"below115","below128","below_m","even","col",50
"145",145,"",13,"2",6,5,3,3,87,23,3.125,4.6875,3.90625,18,25,10,25,24,12,64,50,114,2,3,2,2,2,1,2,1,1,1,1,1,2,1,3,1,26,3,1,2,2,1,2,1,1,2,15,1,1,1,1,2,1,1,8,"below115","below128","below_m","odd","col",49
"146",146,"",11,"2",6,10,5,2,109,22,1.5625,4.0625,2.8125,11,21,13,14,10,11,45,35,80,1,2,1,3,1,1,2,1,1,3,1,3,2,3,3,2,30,2,1,1,2,1,2,1,1,1,12,1,1,1,1,1,1,1,7,"below115","below128","above_m","even","mex",49
"147",147,"",15,"2",8,6,1,1,93,21,3.4375,4.375,3.90625,24,26,16,30,31,17,88,56,144,3,2,2,3,2,3,2,2,2,3,3,2,2,3,2,2,38,3,2,2,3,2,2,3,3,2,22,1,3,2,2,2,2,3,15,"below115","below128","below_m","odd","col",75
"148",148,"",12,"2",7,7,5,2,90,25,4.375,2.8125,3.59375,14,16,5,20,13,4,36,36,72,3,3,2,3,2,2,2,1,3,3,3,2,3,3,3,3,41,2,2,2,2,1,1,2,1,3,16,1,1,2,1,1,1,1,8,"below115","below128","below_m","even","mex",65
"149",149,"",13,"1",8,7,5,2,85,21,2.5,4.375,3.4375,14,21,8,23,16,14,52,44,96,3,2,2,1,2,2,2,2,1,2,2,2,1,1,2,1,28,1,1,2,1,1,1,2,1,2,12,1,1,1,1,1,1,1,7,"below115","below128","below_m","odd","mex",47
"150",150,"3.4",11,"2",6,5,3,1,97,22,1.5625,4.0625,2.8125,18,27,9,30,16,12,55,57,112,2,2,1,1,1,1,3,1,2,3,1,1,2,1,2,2,26,2,2,3,3,2,1,2,2,1,18,1,1,1,1,1,1,1,7,"below115","below128","below_m","even","col",51
"151",151,"",13,"1",8,8,6,2,103,22,3.125,3.4375,3.28125,14,24,8,25,20,9,51,49,100,3,2,2,1,3,3,2,2,2,3,3,1,2,2,2,1,34,2,1,2,2,1,1,1,1,1,12,1,1,2,1,1,1,1,8,"below115","below128","above_m","odd","mex",54
"152",152,"",12,"1",7,7,5,2,93,19,3.125,4.0625,3.59375,16,24,14,29,31,15,76,53,129,3,3,3,3,2,3,2,3,3,3,2,2,2,3,3,2,42,2,2,1,3,1,2,1,2,3,17,1,1,2,1,1,1,1,8,"below115","below128","below_m","even","mex",67
"153",153,"4.7",13,"1",7,4,1,1,114,25,3.4375,3.75,3.59375,9,30,6,30,34,15,64,60,124,2,3,1,2,3,1,2,2,3,3,1,2,2,3,3,1,34,1,1,2,1,1,1,2,1,2,12,1,2,1,1,2,1,1,9,"below115","below128","above_m","odd","col",55
"154",154,"",14,"1",9,7,5,2,82,19,2.8125,3.125,2.96875,18,25,12,20,24,16,70,45,115,2,1,2,2,1,3,1,2,3,2,1,2,3,2,3,1,31,2,2,1,3,2,1,3,2,3,19,1,1,1,1,2,1,2,9,"below115","below128","below_m","even","mex",59
"155",155,"",11,"2",7,7,5,2,85,25,5,5,5,21,18,14,22,28,8,71,40,111,1,2,1,1,1,1,1,1,1,3,1,1,2,2,2,1,22,3,2,2,2,2,1,2,2,2,18,1,1,1,1,1,1,1,7,"below115","below128","below_m","odd","mex",47
"156",156,"",12,"2",7,7,5,2,119,23,3.4375,2.8125,3.125,8,22,7,22,25,6,46,44,90,2,3,3,2,3,1,3,1,3,2,1,1,3,1,2,1,32,1,1,3,3,1,1,1,1,1,13,3,1,2,1,1,1,2,11,"above115","below128","above_m","even","mex",56
"157",157,"3.8",13,"2",6,5,3,3,92,19,2.8125,3.125,2.96875,20,23,12,24,26,15,73,47,120,3,2,2,2,3,1,2,2,3,3,2,1,2,1,3,1,33,2,2,3,2,2,1,2,3,2,19,1,1,1,1,2,1,1,8,"below115","below128","below_m","odd","col",60
"158",158,"",15,"2",9,6,1,1,101,15,2.5,3.4375,2.96875,20,26,16,25,26,16,78,51,129,2,2,2,3,1,3,2,1,2,2,2,2,3,2,2,1,32,2,2,3,3,2,1,2,3,3,21,1,1,2,1,2,1,1,9,"below115","below128","below_m","even","col",62
"159",159,"3.6",15,"2",7,5,3,1,112,15,1.25,4.0625,2.65625,10,20,5,19,15,9,39,39,78,1,1,1,1,1,1,1,1,1,1,1,1,1,1,1,1,16,1,1,2,1,1,1,2,1,1,11,1,1,1,1,1,1,1,7,"below115","below128","above_m","odd","col",34
"160",160,"",15,"1",9,6,1,1,72,23,3.75,2.8125,3.28125,18,30,14,21,15,12,59,51,110,1,1,2,3,1,1,1,1,2,3,2,3,2,3,3,1,30,3,3,3,3,2,1,1,2,2,20,1,1,2,1,1,1,1,8,"below115","below128","below_m","even","col",58
"161",161,"",16,"1",9,6,1,1,108,22,3.75,2.1875,2.96875,7,24,7,31,27,16,57,55,112,3,2,3,2,3,2,2,2,2,3,2,2,3,3,1,2,37,1,1,2,1,1,1,2,1,2,12,2,2,2,2,3,2,2,15,"below115","below128","above_m","odd","col",64
"162",162,"",14,"2",8,6,1,1,101,20,2.8125,4.0625,3.4375,24,17,20,25,16,15,75,42,117,2,2,2,2,2,1,2,2,2,3,2,1,1,3,2,1,30,3,3,2,3,3,3,1,3,3,24,1,1,1,1,1,1,1,7,"below115","below128","below_m","even","col",61
"163",163,"4",11,"2",6,2,1,1,117,24,2.1875,4.375,3.28125,17,27,6,31,22,11,56,58,114,2,3,1,2,1,1,3,2,1,2,2,1,1,1,2,2,27,1,1,1,2,1,1,2,1,3,13,2,2,1,1,1,1,2,10,"above115","below128","above_m","odd","col",50
"164",164,"",14,"2",8,1,1,1,90,15,3.125,3.75,3.4375,20,21,12,23,27,14,73,44,117,3,3,2,3,3,1,3,3,1,2,1,1,2,3,2,3,36,3,2,2,2,2,2,1,2,2,18,1,2,2,2,2,1,1,11,"below115","below128","below_m","even","col",65
"165",165,"",12,"1",7,7,5,2,91,18,2.5,3.4375,2.96875,17,25,18,32,32,17,84,57,141,3,2,2,3,2,1,3,2,2,3,1,3,2,3,3,3,38,2,2,3,2,1,2,2,2,3,19,1,2,3,1,1,2,1,11,"below115","below128","below_m","odd","mex",68
"166",166,"",12,"1",7,7,5,2,99,21,1.875,4.375,3.125,20,20,15,28,43,15,93,48,141,2,1,1,1,2,1,1,1,3,3,3,3,3,3,3,3,34,1,3,3,1,1,2,1,1,3,16,2,1,3,1,1,1,1,10,"below115","below128","below_m","even","mex",60
"167",167,"3.2",14,"1",7,5,3,1,119,20,3.75,2.8125,3.28125,16,26,7,28,32,12,67,54,121,3,3,2,3,3,3,3,3,3,2,3,3,2,3,3,3,45,2,1,2,2,1,1,2,1,2,14,3,3,3,2,1,2,1,15,"above115","below128","above_m","odd","col",74
"168",168,"",12,"1",7,7,5,2,80,19,1.5625,3.4375,2.5,13,18,10,20,20,10,53,38,91,1,1,1,1,1,1,1,1,3,3,3,3,3,1,3,1,28,3,3,3,3,3,2,3,3,1,24,1,1,1,1,1,1,1,7,"below115","below128","below_m","even","mex",59
"169",169,"",11,"1",7,7,5,2,104,17,2.5,3.4375,2.96875,19,27,20,25,29,15,83,52,135,3,2,2,1,2,3,2,1,2,1,1,2,1,2,3,1,29,3,2,2,3,2,2,3,2,3,22,3,2,2,3,3,2,2,17,"below115","below128","above_m","odd","mex",68
"170",170,"",13,"1",7,7,5,2,104,19,3.75,2.8125,3.28125,16,27,15,21,23,14,68,48,116,2,2,1,3,1,2,1,1,1,2,1,1,2,1,2,1,24,2,1,2,2,1,1,2,1,1,13,1,1,1,1,1,1,1,7,"below115","below128","above_m","even","mex",44
"171",171,"4.2",11,"1",6,4,1,1,109,23,1.5625,4.6875,3.125,17,29,8,28,18,15,58,57,115,3,3,2,2,2,1,3,3,3,3,1,2,2,2,2,1,35,2,3,2,2,2,1,1,1,2,16,1,1,1,1,1,1,1,7,"below115","below128","above_m","odd","col",58
"172",172,"",15,"1",9,6,1,1,100,20,3.125,3.125,3.125,14,15,14,29,23,10,61,44,105,3,1,2,1,2,3,1,1,3,3,2,1,2,3,2,1,31,1,2,1,1,1,1,1,1,3,12,2,2,1,1,1,1,1,9,"below115","below128","below_m","even","col",52
"173",173,"",13,"2",8,8,6,2,111,17,2.8125,3.125,2.96875,10,20,9,18,18,12,49,38,87,2,2,1,1,2,1,1,1,2,3,1,1,2,2,1,1,24,1,2,2,1,1,1,1,1,1,11,1,1,1,1,1,1,1,7,"below115","below128","above_m","odd","mex",42
"174",174,"",15,"2",8,6,1,1,109,5,2.8125,5,3.90625,10,25,5,17,12,11,38,42,80,3,2,3,3,2,3,2,2,2,3,2,3,3,2,2,3,40,2,3,2,3,3,3,1,2,3,22,3,2,3,2,2,1,1,14,"below115","below128","above_m","even","col",76
"175",175,"",13,"2",7,6,1,3,104,10,2.5,2.5,2.5,7,10,7,10,14,11,39,20,59,1,3,1,1,1,1,1,1,3,3,3,2,2,1,3,2,29,3,3,3,3,3,3,3,3,3,27,3,3,3,3,3,3,3,21,"below115","below128","above_m","odd","col",77
"176",176,"",12,"2",6,1,1,1,85,23,2.8125,3.4375,3.125,8,15,4,16,14,7,33,31,64,2,2,2,2,1,1,1,1,2,2,2,2,1,2,2,1,26,1,1,1,1,1,1,1,1,1,9,1,1,1,1,1,1,1,7,"below115","below128","below_m","even","col",42
"177",177,"",12,"1",7,7,5,2,100,21,2.8125,2.8125,2.8125,16,25,17,25,28,16,77,50,127,3,2,2,2,3,2,2,2,2,2,2,3,2,2,2,1,34,2,2,2,2,2,2,2,2,2,18,3,1,1,1,3,1,1,11,"below115","below128","below_m","odd","mex",63
"178",178,"3.5",14,"2",8,5,3,1,109,16,3.4375,3.4375,3.4375,13,22,8,21,16,12,49,43,92,2,2,3,2,2,2,2,2,3,3,2,2,1,1,2,2,33,1,1,2,1,1,1,1,1,1,10,1,1,1,1,2,1,1,8,"below115","below128","above_m","even","col",51
"179",179,"",11,"1",7,7,5,2,82,20,3.125,3.4375,3.28125,14,12,11,25,26,17,68,37,105,1,2,3,1,1,2,1,1,2,1,1,3,3,3,2,3,30,3,2,2,2,1,3,2,3,2,20,3,2,1,2,3,1,1,13,"below115","below128","below_m","odd","mex",63
"180",180,"3.4",12,"1",6,5,3,3,79,24,3.75,4.375,4.0625,19,27,10,30,22,14,65,57,122,3,3,2,3,2,1,3,2,3,3,1,3,2,3,3,3,40,3,2,3,3,3,1,2,2,3,22,1,1,1,1,2,1,1,8,"below115","below128","below_m","even","col",70
"181",181,"",14,"1",9,1,1,1,82,24,3.4375,4.0625,3.75,16,24,15,26,20,12,63,50,113,3,3,1,2,3,1,2,1,1,3,1,2,1,2,2,1,29,1,1,2,2,1,1,2,1,3,14,1,1,1,1,1,1,1,7,"below115","below128","below_m","odd","col",50
"182",182,"",13,"1",8,7,5,2,103,23,1.875,4.6875,3.28125,8,25,11,26,17,12,48,51,99,3,2,2,1,1,1,2,1,1,1,1,1,1,1,1,1,21,1,1,1,1,1,3,1,1,1,11,1,1,1,1,1,1,1,7,"below115","below128","above_m","even","mex",39
"183",183,"",11,"1",6,1,1,1,97,25,2.1875,4.0625,3.125,19,26,11,23,20,9,59,49,108,2,3,2,3,2,1,2,2,3,3,3,3,3,3,3,2,40,3,2,2,3,2,2,2,3,3,22,1,1,1,1,3,2,1,10,"below115","below128","below_m","odd","col",72
"184",184,"",16,"1",8,6,1,1,101,22,3.75,4.6875,4.21875,19,26,10,28,20,11,60,54,114,2,1,2,1,1,1,1,1,2,3,1,1,3,2,2,1,25,1,2,1,1,1,1,1,1,2,11,1,1,1,1,2,1,1,8,"below115","below128","below_m","even","col",44
"185",185,"",14,"1",9,7,5,2,101,23,3.125,3.75,3.4375,17,23,13,22,23,13,66,45,111,3,2,2,2,2,3,3,2,1,3,3,3,3,3,2,1,38,1,3,1,2,1,1,2,2,2,15,3,2,2,1,1,2,1,12,"below115","below128","below_m","odd","mex",65
"186",186,"",13,"2",6,6,1,1,92,16,1.25,1.25,1.25,6,16,6,9,14,4,30,25,55,1,1,2,1,1,2,1,1,1,1,1,1,1,1,1,1,18,2,1,3,1,1,1,1,1,1,12,1,1,1,1,1,1,1,7,"below115","below128","below_m","even","col",37
"187",187,"",12,"1",7,8,6,2,100,20,2.8125,2.8125,2.8125,9,6,8,9,18,4,39,15,54,2,2,1,1,2,1,1,2,3,2,2,2,2,3,3,2,31,1,1,2,1,1,1,1,1,1,10,1,1,1,1,1,1,1,7,"below115","below128","below_m","odd","mex",48
"188",188,"",11,"1",6,10,5,2,113,22,1.875,2.5,2.1875,14,26,12,27,28,16,70,53,123,3,3,2,3,2,1,2,2,3,3,1,2,2,2,1,1,33,3,2,3,3,2,3,1,3,2,22,1,1,1,1,1,1,1,7,"below115","below128","above_m","even","mex",62
"189",189,"",14,"1",7,6,1,1,110,18,4.0625,2.8125,3.4375,15,12,4,13,11,9,39,25,64,1,1,1,3,1,1,1,1,1,2,1,2,2,3,2,2,25,1,2,2,2,2,1,1,1,1,13,1,1,1,2,1,1,1,8,"below115","below128","above_m","odd","col",46
"190",190,"",12,"1",8,7,5,2,90,15,3.125,2.5,2.8125,11,16,9,21,24,11,55,37,92,2,1,2,1,2,2,1,1,3,3,2,2,2,3,3,3,33,1,2,1,2,1,1,1,2,1,12,1,1,1,1,2,1,1,8,"below115","below128","below_m","even","mex",53
"191",191,"4.2",14,"2",8,4,1,1,115,21,2.1875,4.6875,3.4375,13,28,8,25,18,10,49,53,102,2,2,2,1,2,2,1,1,1,2,1,1,2,3,1,2,26,1,1,2,1,1,1,1,1,1,10,1,1,2,1,1,1,1,8,"below115","below128","above_m","odd","col",44
"192",192,"4.2",12,"2",6,4,1,1,115,17,2.5,2.1875,2.34375,17,22,18,31,21,16,72,53,125,2,1,3,3,1,2,1,1,2,3,3,3,2,3,3,2,35,1,2,2,1,2,1,1,1,3,14,1,1,1,1,1,1,1,7,"below115","below128","above_m","even","col",56
"193",193,"",11,"1",7,7,5,2,99,24,3.125,3.4375,3.28125,17,28,14,31,42,16,89,59,148,2,3,2,3,2,1,1,2,3,3,3,3,2,3,3,2,38,2,3,3,3,2,2,3,2,3,23,1,2,3,1,2,1,1,11,"below115","below128","below_m","odd","mex",72
"194",194,"",14,"2",9,7,5,2,108,24,2.8125,3.4375,3.125,17,21,14,23,25,14,70,44,114,2,2,1,1,1,1,1,2,2,2,1,1,2,3,2,1,25,2,2,2,1,1,2,1,1,2,14,1,1,1,1,2,1,1,8,"below115","below128","above_m","even","mex",47
"195",195,"",12,"2",7,7,5,2,85,23,4.0625,4.6875,4.375,17,25,9,16,25,8,59,41,100,3,3,3,1,3,1,3,3,2,2,2,2,3,3,2,2,38,3,3,2,3,3,1,1,3,2,21,1,1,3,1,3,1,1,11,"below115","below128","below_m","odd","mex",70
"196",196,"",15,"1",9,6,1,1,86,25,2.5,2.1875,2.34375,14,20,12,18,26,16,68,38,106,2,2,2,2,3,2,3,3,1,3,1,3,3,3,3,3,39,3,2,1,3,3,2,1,3,3,21,1,1,1,1,1,1,1,7,"below115","below128","below_m","even","col",67
"197",197,"3.9",13,"2",6,5,3,1,87,23,2.8125,3.75,3.28125,16,23,9,25,20,10,55,48,103,2,3,2,1,1,1,2,1,2,2,1,1,1,2,2,1,25,1,1,1,1,1,1,3,1,2,12,1,1,1,1,2,1,1,8,"below115","below128","below_m","odd","col",45
"198",198,"",14,"1",9,8,6,2,113,20,2.5,3.125,2.8125,15,18,9,23,22,13,59,41,100,2,2,1,2,1,1,2,1,2,3,1,3,2,2,2,3,30,1,2,2,2,1,1,1,2,2,14,1,1,1,1,1,1,1,7,"below115","below128","above_m","even","mex",51
"199",199,"",13,"1",8,8,6,2,107,19,1.25,3.125,2.1875,15,22,10,24,22,15,62,46,108,2,2,1,1,2,2,2,1,2,2,2,1,2,1,1,1,25,1,1,1,2,1,1,1,1,1,10,1,1,1,1,2,1,1,8,"below115","below128","above_m","odd","mex",43
"200",200,"",15,"1",9,6,1,1,84,16,5,2.8125,3.90625,24,15,16,27,45,20,105,42,147,2,3,2,3,3,3,3,1,3,3,3,3,3,3,3,3,44,2,2,2,2,3,2,2,2,3,20,3,3,3,1,2,1,2,15,"below115","below128","below_m","even","col",79
"201",201,"",15,"2",9,6,1,1,80,11,2.5,1.875,2.1875,19,23,16,25,31,16,82,48,130,3,1,2,1,2,1,1,2,2,2,2,1,1,1,1,1,24,1,1,1,2,1,1,1,1,1,10,2,1,2,1,1,1,1,9,"below115","below128","below_m","odd","col",43
"202",202,"4.2",14,"2",9,5,3,1,110,24,3.75,4.6875,4.21875,18,27,14,33,32,11,75,60,135,3,3,3,3,3,3,3,3,3,3,2,2,3,2,2,3,44,2,3,3,3,3,2,2,2,2,22,1,1,3,2,3,3,2,15,"below115","below128","above_m","even","col",81
"203",203,"3.6",13,"1",8,5,2,1,94,17,3.125,2.5,2.8125,20,25,15,27,37,16,88,52,140,3,3,2,3,2,2,3,2,2,3,3,2,3,3,3,3,42,3,3,2,3,2,1,2,2,2,20,2,2,2,1,2,1,1,11,"below115","below128","below_m","odd","col",73
"204",204,"4.7",14,"1",8,4,1,1,113,22,5,3.75,4.375,19,21,11,23,30,16,76,44,120,2,2,2,2,3,2,3,1,3,3,2,2,3,2,3,2,37,2,2,2,2,2,2,2,2,3,19,2,1,2,1,1,1,1,9,"below115","below128","above_m","even","col",65
"205",205,"3.1",14,"1",7,5,3,1,90,7,1.25,3.75,2.5,23,20,11,29,45,20,99,49,148,3,2,3,3,2,3,2,3,3,3,3,3,3,3,3,3,45,3,3,2,3,3,2,3,3,3,25,2,2,2,2,3,2,2,15,"below115","below128","below_m","odd","col",85
"206",206,"3.5",14,"1",7,5,3,1,99,22,2.5,4.0625,3.28125,14,27,9,32,25,9,57,59,116,2,3,2,2,3,1,2,2,1,2,2,1,3,1,2,1,30,1,1,2,1,1,1,1,1,2,11,1,1,2,1,2,1,1,9,"below115","below128","below_m","even","col",50
"207",207,"",15,"1",9,6,1,1,86,16,2.8125,3.75,3.28125,18,22,8,23,20,10,56,45,101,2,3,2,1,2,2,3,2,2,3,1,3,3,3,3,3,38,2,2,2,2,2,1,3,2,3,19,1,1,2,1,3,1,1,10,"below115","below128","below_m","odd","col",67
"208",208,"",13,"1",8,8,6,2,116,20,1.5625,3.75,2.65625,7,16,4,16,9,8,28,32,60,1,1,1,1,1,2,1,1,1,3,1,1,1,3,1,1,21,1,1,1,1,1,1,1,1,1,9,1,1,1,1,1,1,1,7,"above115","below128","above_m","even","mex",37
"209",209,"",13,"2",7,1,1,1,114,25,3.4375,3.75,3.59375,25,30,20,35,42,20,107,65,172,2,3,2,3,2,3,2,3,3,3,3,3,3,3,3,3,44,3,3,3,3,3,3,3,3,2,26,3,3,3,3,3,3,3,21,"below115","below128","above_m","odd","col",91
"210",210,"",16,"1",9,3,4,1,108,23,3.125,4.375,3.75,22,28,12,28,29,13,76,56,132,2,2,2,2,1,1,1,2,2,2,1,1,1,1,1,1,23,2,1,3,3,1,1,1,1,2,15,1,2,1,1,2,1,1,9,"below115","below128","above_m","even","col",47
"211",211,"",14,"1",8,1,1,1,116,22,2.8125,4.0625,3.4375,22,27,13,30,21,14,70,57,127,2,2,2,1,2,1,2,1,2,2,1,2,2,3,3,3,31,2,3,2,3,3,2,2,3,3,23,1,1,1,1,1,1,1,7,"above115","below128","above_m","odd","col",61
"212",212,"",12,"2",7,7,5,2,88,13,2.5,1.875,2.1875,6,13,5,9,11,7,29,22,51,1,1,1,1,1,1,1,1,1,2,1,1,2,2,1,1,19,1,1,1,1,1,1,1,1,2,10,1,2,1,1,1,1,1,8,"below115","below128","below_m","even","mex",37
"213",213,"",12,"1",7,7,5,2,88,21,4.0625,4.0625,4.0625,18,27,13,31,37,17,85,58,143,3,3,3,3,2,3,2,2,3,3,3,3,2,3,3,3,44,3,2,3,3,1,1,3,1,3,20,1,1,1,1,1,1,1,7,"below115","below128","below_m","odd","mex",71
"214",214,"",14,"2",8,7,5,2,103,22,2.8125,3.4375,3.125,13,24,6,30,25,11,55,54,109,2,3,2,2,2,1,2,3,2,3,2,2,3,3,2,3,37,1,1,1,2,1,1,1,1,2,11,1,1,2,1,1,1,1,8,"below115","below128","above_m","even","mex",56
"215",215,"",11,"2",6,6,1,3,109,20,1.875,2.5,2.1875,9,11,5,18,20,6,40,29,69,3,2,2,3,3,1,2,2,3,2,1,3,1,1,2,1,32,3,2,3,3,1,3,1,3,3,22,1,2,3,1,3,1,1,12,"below115","below128","above_m","odd","col",66
"216",216,"",13,"1",8,7,5,2,113,16,3.75,2.5,3.125,16,21,14,23,25,16,71,44,115,3,3,3,1,1,3,3,3,3,3,1,1,3,3,1,2,37,2,2,2,2,2,1,1,2,1,15,1,1,1,3,1,1,1,9,"below115","below128","above_m","even","mex",61
"217",217,"",13,"1",7,6,1,1,112,21,3.75,4.0625,3.90625,17,17,12,19,9,20,58,36,94,2,2,3,1,3,1,1,3,2,2,3,3,3,3,1,3,36,2,2,1,2,3,1,3,3,3,20,1,1,2,1,1,1,1,8,"below115","below128","above_m","odd","col",64
"218",218,"3.7",13,"1",7,4,1,1,104,23,3.4375,4.6875,4.0625,23,27,16,29,29,16,84,56,140,3,3,3,2,3,3,3,3,3,3,3,3,3,2,3,1,44,3,2,2,3,1,1,1,2,2,17,1,3,1,1,1,3,1,11,"below115","below128","above_m","even","col",72
"219",219,"",12,"1",6,10,5,2,102,16,2.5,1.875,2.1875,13,19,11,17,24,15,63,36,99,1,1,1,1,1,1,1,1,2,1,1,2,1,1,1,1,18,2,2,1,1,1,1,1,1,1,11,1,1,1,1,1,1,1,7,"below115","below128","below_m","odd","mex",36
"220",220,"",12,"1",6,6,1,1,95,14,3.75,3.75,3.75,17,16,9,15,39,11,76,31,107,3,2,1,3,2,1,1,2,1,3,2,1,3,3,3,3,34,3,1,3,3,3,3,3,3,3,25,1,3,3,3,1,1,1,13,"below115","below128","below_m","even","col",72
"221",221,"3.9",12,"2",6,5,3,1,111,13,2.5,3.75,3.125,12,7,11,14,26,9,58,21,79,2,2,2,3,2,1,2,2,2,3,1,1,2,2,3,2,32,2,3,2,2,1,1,2,1,3,17,1,1,1,1,2,1,1,8,"below115","below128","above_m","odd","col",57
"222",222,"",13,"1",6,6,1,1,111,24,2.8125,1.875,2.34375,6,23,4,17,20,13,43,40,83,2,3,1,2,1,2,2,2,2,3,2,3,3,3,3,3,37,2,3,3,1,3,1,1,1,1,16,2,1,1,1,2,1,1,9,"below115","below128","above_m","even","col",62
"223",223,"",13,"2",7,7,5,2,90,19,3.4375,2.1875,2.8125,19,23,13,25,29,19,80,48,128,3,2,2,3,2,1,1,2,3,3,3,3,2,3,3,3,39,2,3,1,3,3,2,2,3,3,22,1,1,2,1,2,1,1,9,"below115","below128","below_m","odd","mex",70
"224",224,"3.3",15,"1",9,5,3,1,98,20,3.125,2.8125,2.96875,16,20,13,24,29,15,73,44,117,2,2,3,2,1,2,1,1,2,3,2,3,3,2,2,1,32,2,2,2,2,2,1,1,1,2,15,1,1,1,1,2,1,1,8,"below115","below128","below_m","even","col",55
"225",225,"",12,"1",8,7,5,2,103,25,3.75,3.75,3.75,16,25,9,26,33,11,69,51,120,3,3,3,2,1,3,3,3,3,2,3,2,1,1,3,2,38,2,2,1,3,1,1,3,2,2,17,2,1,2,1,1,1,2,10,"below115","below128","above_m","odd","mex",65
"226",226,"",12,"1",7,7,5,2,82,19,2.8125,1.875,2.34375,12,21,7,22,20,8,47,43,90,2,1,1,1,1,2,1,1,1,1,1,1,1,1,1,1,18,1,2,1,1,1,1,1,1,2,11,1,1,1,1,1,1,2,8,"below115","below128","below_m","even","mex",37
"227",227,"4",14,"2",7,5,3,1,90,24,2.5,4.0625,3.28125,17,26,10,29,16,14,57,55,112,2,1,1,2,1,1,1,1,2,3,2,3,2,1,2,1,26,1,1,2,1,1,1,2,1,2,12,1,1,2,1,1,1,1,8,"below115","below128","below_m","odd","col",46
"228",228,"",14,"2",8,6,1,1,115,17,3.75,3.125,3.4375,24,19,12,13,15,19,70,32,102,1,1,2,3,1,3,1,1,1,3,1,2,1,3,3,3,30,3,3,2,3,1,1,2,3,1,19,1,1,2,1,1,1,1,8,"below115","below128","above_m","even","col",57
"229",229,"3.7",13,"1",8,5,3,1,96,14,5,2.5,3.75,14,19,13,18,28,11,66,37,103,2,1,1,1,2,1,1,1,1,3,1,3,2,3,2,3,28,1,1,2,1,1,1,2,1,3,13,1,2,3,1,1,1,1,10,"below115","below128","below_m","odd","col",51
"230",230,"",13,"2",8,8,6,2,115,22,1.875,4.6875,3.28125,15,21,13,33,39,14,81,54,135,3,3,3,3,3,2,2,3,2,3,2,3,3,3,3,3,44,1,3,2,2,1,1,1,1,1,13,2,3,3,1,2,2,3,16,"below115","below128","above_m","even","mex",73
"231",231,"",13,"1",8,8,6,2,118,20,3.75,3.4375,3.59375,15,21,7,19,21,14,57,40,97,2,2,3,3,2,3,2,3,3,3,2,3,3,3,3,2,42,2,2,1,1,1,1,1,1,2,12,1,2,2,1,2,1,2,11,"above115","below128","above_m","odd","mex",65
"232",232,"",14,"1",9,7,5,2,115,21,2.8125,2.8125,2.8125,18,25,11,25,20,16,65,50,115,2,1,1,2,1,1,1,2,2,3,2,3,2,2,3,2,30,2,1,1,1,1,1,1,2,3,13,1,1,1,1,2,1,1,8,"below115","below128","above_m","even","mex",51
"233",233,"",16,"1",9,6,1,1,93,22,5,4.6875,4.84375,22,29,14,31,38,19,93,60,153,3,3,3,3,3,2,3,3,2,3,2,3,3,3,3,3,45,3,3,2,3,3,2,3,3,3,25,2,2,3,2,1,1,1,12,"below115","below128","below_m","odd","col",82
"234",234,"",12,"2",8,6,1,1,103,7,2.1875,3.125,2.65625,13,17,9,19,11,8,41,36,77,1,1,1,1,1,1,1,2,2,2,1,1,1,1,1,1,19,1,2,1,1,1,1,1,1,1,10,1,1,2,1,1,1,1,8,"below115","below128","above_m","even","col",37
"235",235,"",12,"1",7,7,5,2,100,21,3.125,3.75,3.4375,16,25,8,25,21,13,58,50,108,2,2,2,3,1,1,1,3,2,1,1,1,1,1,2,1,25,3,2,3,2,1,1,1,2,1,16,1,1,2,1,1,1,1,8,"below115","below128","below_m","odd","mex",49
"236",236,"",13,"1",7,6,1,1,86,23,1.875,4.0625,2.96875,23,30,9,29,18,8,58,59,117,3,3,2,2,1,1,3,1,1,2,2,2,2,3,2,1,31,3,2,3,3,1,1,2,3,3,21,2,1,1,1,2,1,1,9,"below115","below128","below_m","even","col",61
"237",237,"2.8",15,"2",9,5,3,1,75,20,2.5,3.125,2.8125,17,21,11,24,20,11,59,45,104,2,2,2,2,2,2,2,2,2,2,2,2,2,2,2,2,32,1,2,1,3,1,1,1,1,2,13,1,2,1,1,2,1,2,10,"below115","below128","below_m","odd","col",55
"238",238,"",11,"1",6,10,5,2,107,17,2.8125,2.8125,2.8125,11,25,7,24,15,9,42,49,91,3,2,2,1,1,2,2,1,2,1,1,3,1,2,3,2,29,2,1,1,2,1,1,1,2,1,12,1,1,1,1,1,1,1,7,"below115","below128","above_m","even","mex",48
"239",239,"",11,"2",6,10,5,2,79,23,2.5,3.75,3.125,17,23,10,25,24,13,64,48,112,2,3,1,1,2,1,3,2,1,1,1,2,1,2,2,1,26,2,1,2,3,1,1,1,1,1,13,1,1,1,1,2,1,1,8,"below115","below128","below_m","odd","mex",47
"240",240,"",15,"2",9,1,1,1,108,23,3.75,5,4.375,21,28,9,34,24,9,63,62,125,1,2,2,2,1,1,1,1,1,3,2,2,3,2,3,1,28,2,3,2,2,2,1,2,1,1,16,2,3,2,1,3,1,2,14,"below115","below128","above_m","even","col",58
"241",241,"3.5",12,"1",6,5,1,3,89,18,3.125,2.8125,2.96875,16,22,15,25,24,16,71,47,118,2,2,3,1,1,1,2,1,3,3,1,2,3,3,3,3,34,2,1,1,2,1,1,1,2,3,14,2,1,2,1,1,1,1,9,"below115","below128","below_m","odd","col",57
"242",242,"",14,"1",8,1,1,1,94,22,2.1875,4.6875,3.4375,15,27,6,25,13,16,50,52,102,2,3,2,3,2,1,1,2,2,3,1,2,2,2,3,2,33,1,1,2,1,1,1,1,1,3,12,2,1,1,1,1,1,1,8,"below115","below128","below_m","even","col",53
"243",243,"",15,"1",7,6,1,1,93,17,4.375,2.1875,3.28125,21,23,14,15,24,16,75,38,113,2,3,2,2,2,1,2,2,2,3,2,3,1,3,3,3,36,3,2,3,3,3,1,2,3,3,23,1,1,2,1,2,1,1,9,"below115","below128","below_m","odd","col",68
"244",244,"3.9",15,"1",8,5,3,1,109,21,2.5,3.4375,2.96875,17,22,16,27,23,17,73,49,122,2,2,3,3,2,3,2,2,2,3,2,3,3,2,3,3,40,2,3,2,2,2,2,2,2,2,19,3,2,2,2,2,1,1,13,"below115","below128","above_m","even","col",72
"245",245,"2.9",13,"1",7,5,3,1,90,22,2.5,2.5,2.5,14,26,10,23,16,13,53,49,102,2,2,1,2,1,1,1,1,2,3,1,2,2,3,3,3,30,1,1,2,1,2,1,1,1,2,12,1,1,2,1,2,1,1,9,"below115","below128","below_m","odd","col",51
"246",246,"",13,"1",8,8,6,2,116,18,3.125,3.125,3.125,13,22,10,27,25,17,65,49,114,2,2,2,3,1,2,3,2,3,3,3,3,3,2,3,1,38,1,1,2,1,1,1,1,1,1,10,3,3,3,1,1,1,2,14,"above115","below128","above_m","even","mex",62
"247",247,"",11,"1",7,7,5,2,76,16,2.5,3.125,2.8125,16,14,11,18,26,8,61,32,93,3,3,1,2,1,2,2,3,2,2,2,2,1,1,2,1,30,1,1,3,2,2,1,2,3,2,17,3,2,2,3,2,3,2,17,"below115","below128","below_m","odd","mex",64
"248",248,"",14,"2",8,7,5,2,89,19,3.4375,3.75,3.59375,19,26,11,31,34,10,74,57,131,2,3,2,2,3,1,1,2,2,3,1,3,3,3,2,3,36,3,2,2,2,3,2,3,1,1,19,1,1,1,1,1,1,1,7,"below115","below128","below_m","even","mex",62
"249",249,"",13,"2",8,7,5,2,101,22,2.5,3.75,3.125,15,23,10,21,19,10,54,44,98,1,1,1,2,1,1,1,1,2,3,1,3,2,2,2,2,26,1,1,1,1,1,1,1,1,2,10,1,2,1,1,1,1,1,8,"below115","below128","below_m","odd","mex",44
"250",250,"",13,"2",6,6,1,1,104,21,2.1875,3.75,2.96875,15,22,8,22,15,12,50,44,94,2,2,2,3,3,3,2,2,2,1,2,1,2,1,1,1,30,1,1,3,1,1,2,3,2,2,16,1,1,1,1,2,1,1,8,"below115","below128","above_m","even","col",54
"251",251,"",14,"2",9,8,6,2,103,22,5,2.8125,3.90625,20,22,19,28,44,18,101,50,151,3,3,3,3,3,3,3,3,3,3,3,3,3,3,3,3,48,2,3,1,2,2,3,1,2,3,19,1,3,2,2,3,1,1,13,"below115","below128","above_m","odd","mex",80
"252",252,"3.8",15,"1",9,5,3,1,84,19,2.5,3.75,3.125,12,25,8,20,20,10,50,45,95,2,1,1,3,1,1,1,1,1,3,2,3,3,3,3,2,31,1,1,2,1,1,1,3,1,2,13,1,1,1,1,1,1,1,7,"below115","below128","below_m","even","col",51
"253",253,"",14,"1",9,6,1,1,110,25,4.375,4.375,4.375,10,25,5,17,12,11,38,42,80,2,2,1,1,1,1,2,1,2,3,1,1,1,1,2,1,23,2,2,1,1,2,1,2,1,2,14,1,1,2,1,1,1,1,8,"below115","below128","above_m","odd","col",45
"254",254,"",12,"2",6,6,1,1,104,20,2.8125,4.375,3.59375,13,28,12,23,21,13,59,51,110,2,2,3,3,3,3,2,2,1,3,2,3,1,3,3,2,38,2,2,1,1,1,1,1,2,3,14,1,2,1,1,2,1,2,10,"below115","below128","above_m","even","col",62
"255",255,"",15,"1",9,6,1,1,91,17,4.0625,3.125,3.59375,20,23,15,20,23,16,74,43,117,2,2,2,2,3,3,2,2,2,3,2,1,2,2,2,2,34,2,2,2,2,2,3,2,2,2,19,1,2,2,1,2,1,1,10,"below115","below128","below_m","odd","col",63
"256",256,"",13,"1",8,8,6,2,113,21,4.0625,2.8125,3.4375,24,15,17,13,15,11,67,28,95,1,1,1,2,1,2,1,2,2,3,1,3,2,3,3,3,31,3,3,1,3,3,3,1,3,3,23,2,1,1,1,2,1,1,9,"below115","below128","above_m","even","mex",63
"257",257,"3.5",11,"2",6,5,3,1,77,20,3.4375,3.4375,3.4375,15,25,5,31,28,17,65,56,121,2,3,1,1,2,1,3,1,2,3,2,3,1,1,1,2,29,3,1,3,3,1,1,1,1,3,17,1,1,3,1,2,1,1,10,"below115","below128","below_m","odd","col",56
"258",258,"",15,"2",8,6,1,1,94,22,2.1875,3.75,2.96875,20,28,11,25,17,11,59,53,112,3,2,3,2,2,3,2,3,2,2,3,2,3,2,3,2,39,3,1,3,3,1,2,2,1,2,18,2,3,2,1,3,2,1,14,"below115","below128","below_m","even","col",71
"259",259,"",12,"2",6,6,1,1,104,19,3.75,4.0625,3.90625,15,25,10,23,32,10,67,48,115,2,2,3,3,1,2,2,2,2,2,2,1,2,1,1,1,29,3,1,3,3,2,1,3,3,1,20,1,1,1,1,2,1,1,8,"below115","below128","above_m","odd","col",57
"260",260,"",13,"1",8,9,5,2,111,19,1.5625,2.1875,1.875,15,18,13,33,31,14,73,51,124,3,1,2,3,1,1,1,1,2,3,1,3,2,3,2,3,32,1,3,2,3,3,1,1,2,2,18,1,1,1,1,2,1,1,8,"below115","below128","above_m","even","mex",58
"261",261,"3.9",12,"2",6,5,3,1,104,23,3.125,3.75,3.4375,14,24,12,27,20,13,59,51,110,2,2,1,1,1,2,1,1,1,2,3,2,1,2,2,2,26,2,2,2,1,2,1,2,1,3,16,1,1,2,1,1,1,1,8,"below115","below128","above_m","odd","col",50
"262",262,"",12,"2",7,7,5,2,86,25,2.1875,3.4375,2.8125,17,24,10,27,24,10,61,51,112,2,2,2,1,2,1,2,2,1,2,1,1,2,2,2,1,26,3,1,3,3,1,1,1,3,2,18,1,1,1,1,1,1,1,7,"below115","below128","below_m","even","mex",51
"263",263,"",14,"2",7,1,1,1,110,16,3.4375,4.0625,3.75,20,26,9,24,20,13,62,50,112,2,2,2,2,2,1,1,1,1,1,3,1,2,1,1,3,26,2,1,2,1,2,1,2,3,2,16,1,1,2,1,1,1,1,8,"below115","below128","above_m","odd","col",50
"264",264,"",14,"2",9,8,6,2,113,25,1.25,5,3.125,6,25,4,20,10,4,24,45,69,2,2,1,1,1,1,1,1,1,1,1,1,1,1,1,1,18,1,1,1,1,1,1,1,1,1,9,1,1,1,1,1,1,1,7,"below115","below128","above_m","even","mex",34
"265",265,"",11,"1",6,10,5,2,93,24,2.8125,5,3.90625,10,27,11,24,17,16,54,51,105,2,1,2,2,1,1,1,1,1,2,1,2,1,3,3,3,27,1,2,1,2,2,1,1,2,3,15,1,1,1,1,1,1,1,7,"below115","below128","below_m","odd","mex",49
"266",266,"3.2",13,"2",8,5,3,1,116,20,2.8125,2.8125,2.8125,12,21,8,19,22,14,56,40,96,2,1,1,1,2,1,2,2,1,1,2,2,1,1,1,1,22,2,1,1,1,1,1,2,1,2,12,1,1,1,1,1,1,1,7,"above115","below128","above_m","even","col",41
"267",267,"",14,"2",7,6,1,1,100,17,2.5,3.4375,2.96875,21,21,16,25,39,14,90,46,136,2,2,2,2,3,2,2,3,2,3,1,2,2,3,3,3,37,3,2,2,2,2,2,1,2,2,18,2,2,2,1,2,1,1,11,"below115","below128","below_m","odd","col",66
"268",268,"",15,"1",9,6,1,1,95,19,3.75,3.125,3.4375,12,24,9,20,27,13,61,44,105,3,1,1,2,2,1,1,1,2,3,1,2,3,2,2,2,29,3,3,2,2,3,1,1,2,3,20,2,3,1,1,2,1,1,11,"below115","below128","below_m","even","col",60
"269",269,"",14,"2",8,6,1,1,90,23,2.8125,5,3.90625,14,24,8,22,9,16,47,46,93,2,2,1,1,1,1,1,1,2,3,3,3,1,2,2,1,27,3,1,1,1,1,1,1,1,1,11,1,1,1,1,2,1,1,8,"below115","below128","below_m","odd","col",46
"270",270,"",12,"2",7,7,5,2,101,24,2.8125,3.125,2.96875,15,25,8,24,18,10,51,49,100,2,2,3,1,2,3,3,2,3,3,3,3,3,3,3,3,42,2,1,3,2,2,1,2,2,2,17,3,2,2,1,1,1,2,12,"below115","below128","below_m","even","mex",71
"271",271,"",14,"2",9,7,5,2,93,22,3.125,3.125,3.125,19,22,13,22,28,13,73,44,117,2,2,1,2,1,1,2,3,2,3,1,3,3,3,3,3,35,2,2,1,2,2,1,1,2,2,15,2,1,2,1,1,1,1,9,"below115","below128","below_m","odd","mex",59
"272",272,"",14,"1",8,6,1,1,83,23,3.125,3.4375,3.28125,19,27,12,30,36,13,80,57,137,3,2,3,2,1,2,2,1,2,3,2,2,2,2,3,2,34,2,2,3,2,1,1,3,1,2,17,1,2,1,1,1,1,1,8,"below115","below128","below_m","even","col",59
"273",273,"3.3",11,"1",6,5,3,1,81,23,1.875,3.125,2.5,23,28,15,19,19,20,77,47,124,2,2,1,3,1,1,2,3,1,3,1,1,1,1,3,1,27,2,1,1,2,3,1,1,2,1,14,1,1,1,1,1,1,1,7,"below115","below128","below_m","odd","col",48
"274",274,"4.2",11,"1",6,4,1,1,107,14,3.75,3.75,3.75,8,22,12,27,25,20,65,49,114,2,2,1,2,3,2,1,2,2,3,1,3,3,3,3,3,36,1,1,3,1,1,1,3,1,3,15,2,1,2,1,1,1,2,10,"below115","below128","above_m","even","col",61
"275",275,"",13,"2",8,7,5,2,96,25,4.375,4.375,4.375,6,25,14,20,15,8,43,45,88,2,1,1,2,1,1,1,1,2,2,1,1,1,2,1,1,21,3,3,1,3,3,3,1,3,3,23,1,1,1,1,1,1,1,7,"below115","below128","below_m","odd","mex",51
"276",276,"",12,"2",7,7,5,2,93,25,5,4.6875,4.84375,10,27,8,24,25,18,61,51,112,2,1,1,3,1,2,1,1,2,2,1,2,1,2,3,1,26,1,1,1,1,1,1,1,1,2,10,1,1,2,1,1,1,1,8,"below115","below128","below_m","even","mex",44
"277",277,"3.7",15,"1",8,4,1,1,115,18,2.1875,2.1875,2.1875,12,21,8,18,21,12,53,39,92,1,1,1,2,1,1,1,2,2,2,1,1,1,2,1,1,21,1,1,2,1,1,1,1,1,2,11,1,1,1,1,1,1,1,7,"below115","below128","above_m","odd","col",39
"278",278,"",16,"1",9,6,1,1,103,21,2.1875,4.375,3.28125,22,22,10,33,21,14,67,55,122,3,2,2,3,1,1,2,1,2,3,2,2,3,1,3,2,33,3,2,3,3,2,3,2,2,1,21,1,2,1,1,3,1,1,10,"below115","below128","above_m","even","col",64
"279",279,"3.3",11,"2",6,5,3,1,99,19,2.1875,3.75,2.96875,16,21,9,29,20,10,55,50,105,1,3,2,2,3,1,2,1,2,1,3,2,1,1,2,1,28,1,1,2,3,2,1,1,1,2,14,1,1,2,1,1,1,1,8,"below115","below128","below_m","odd","col",50
"280",280,"",13,"2",6,6,1,3,75,25,2.8125,3.75,3.28125,10,12,7,20,25,8,50,32,82,3,3,1,3,1,1,2,3,1,2,1,3,2,3,3,1,33,2,1,1,2,1,2,1,2,2,14,1,1,1,1,2,1,1,8,"below115","below128","below_m","even","col",55
"281",281,"",13,"1",8,1,1,1,109,21,1.875,3.4375,2.65625,19,25,16,24,26,15,76,49,125,2,2,1,2,1,1,1,1,2,3,3,3,2,3,3,2,32,2,3,1,2,3,2,1,2,3,19,1,1,1,1,1,1,1,7,"below115","below128","above_m","odd","col",58
"282",282,"",14,"2",9,7,5,2,106,22,3.125,2.1875,2.65625,12,21,5,20,13,18,48,41,89,2,2,1,3,1,1,2,2,2,3,1,1,2,3,1,1,28,1,1,1,1,1,1,1,1,2,10,1,2,3,1,1,1,1,10,"below115","below128","above_m","even","mex",48
"283",283,"",14,"2",9,3,4,1,98,20,2.5,4.6875,3.59375,22,30,10,34,19,12,63,64,127,3,2,2,3,1,1,2,1,2,3,2,2,3,3,3,3,36,2,3,2,3,3,2,1,2,1,19,1,2,2,1,3,1,1,11,"below115","below128","below_m","odd","col",66
"284",284,"",13,"1",7,7,5,2,74,23,3.125,3.4375,3.28125,13,23,15,25,26,10,64,48,112,3,2,2,1,2,1,3,1,1,2,3,2,2,1,2,1,29,2,1,3,1,1,1,1,2,1,13,1,1,2,1,1,1,1,8,"below115","below128","below_m","even","mex",50
"285",285,"",16,"1",9,6,1,1,82,7,4.0625,3.125,3.59375,19,22,13,25,33,15,80,47,127,3,2,3,2,3,2,3,2,3,2,3,2,3,2,3,2,40,3,3,2,2,2,3,2,3,2,22,3,2,3,2,3,2,3,18,"below115","below128","below_m","odd","col",80
"286",286,"",15,"2",9,1,1,1,101,23,2.5,4.6875,3.59375,19,23,10,26,23,13,65,49,114,2,3,2,2,2,3,2,2,2,3,2,2,2,2,2,2,35,2,2,2,1,1,1,2,2,3,16,1,1,2,1,1,1,1,8,"below115","below128","below_m","even","col",59
"287",287,"3.7",15,"1",9,5,3,1,84,20,2.5,3.4375,2.96875,16,23,12,22,23,13,64,45,109,2,3,2,2,2,2,2,2,2,2,2,3,3,3,2,2,36,3,2,2,2,2,1,1,2,2,17,2,2,3,1,1,1,1,11,"below115","below128","below_m","odd","col",64
"288",288,"",13,"2",9,8,6,2,101,25,1.875,5,3.4375,15,30,4,27,18,11,48,57,105,2,2,2,2,2,1,2,2,1,2,1,1,1,1,1,1,24,1,1,2,2,1,1,3,1,1,13,1,1,1,1,2,1,1,8,"below115","below128","below_m","even","mex",45
"289",289,"",11,"2",6,6,1,1,100,22,1.25,4.0625,2.65625,18,25,4,23,18,11,51,48,99,3,3,3,2,1,2,3,3,3,2,1,2,1,1,1,1,32,3,1,1,3,1,1,1,2,3,16,1,1,1,1,3,1,1,9,"below115","below128","below_m","odd","col",57
"290",290,"",12,"2",6,6,1,3,99,8,2.8125,3.4375,3.125,16,24,8,26,30,12,66,50,116,3,3,3,2,3,3,3,3,3,3,3,3,3,2,2,1,43,1,2,3,3,1,1,1,3,3,18,2,1,3,1,1,1,1,10,"below115","below128","below_m","even","col",71
"291",291,"",15,"2",9,6,1,1,73,18,2.1875,5,3.59375,16,19,10,29,23,12,61,48,109,3,2,1,1,1,1,1,1,1,2,1,1,1,1,1,1,20,1,1,3,1,1,1,1,1,3,13,1,1,1,1,1,1,1,7,"below115","below128","below_m","odd","col",40
"292",292,"",11,"2",7,9,5,2,97,25,3.125,4.6875,3.90625,18,30,11,34,24,8,61,64,125,3,3,2,3,3,2,3,2,2,3,3,3,2,3,3,2,42,3,2,2,3,3,1,1,3,2,20,2,1,1,1,3,1,2,11,"below115","below128","below_m","even","mex",73
"293",293,"",11,"2",6,10,5,2,93,18,2.1875,1.875,2.03125,11,20,6,15,17,16,50,35,85,1,1,1,2,1,1,1,1,2,3,2,1,1,1,1,1,21,1,1,1,1,1,1,1,1,2,10,1,1,1,1,1,1,1,7,"below115","below128","below_m","odd","mex",38
"294",294,"",13,"2",7,7,5,2,99,24,4.6875,4.6875,4.6875,13,30,11,27,18,17,59,57,116,2,2,3,3,3,1,2,3,1,2,3,2,3,3,1,2,36,1,2,2,3,2,1,1,2,2,16,1,2,1,1,1,1,2,9,"below115","below128","below_m","even","mex",61
"295",295,"",12,"2",6,6,1,1,100,13,3.75,2.5,3.125,10,29,11,24,26,13,60,53,113,3,2,1,1,2,3,1,3,3,3,1,2,1,1,3,2,32,1,1,1,2,1,1,1,1,3,12,1,1,1,1,2,1,1,8,"below115","below128","below_m","odd","col",52
"296",296,"3.3",14,"2",8,5,3,1,96,12,2.8125,4.375,3.59375,16,22,14,27,22,12,64,49,113,3,2,3,2,1,1,2,1,2,2,2,1,2,1,3,3,31,2,2,3,2,1,1,1,1,2,15,1,1,1,1,2,1,1,8,"below115","below128","below_m","even","col",54
"297",297,"",15,"1",9,6,1,1,95,20,2.8125,2.1875,2.5,11,14,10,14,17,8,46,28,74,2,1,1,2,2,2,1,2,2,3,2,3,3,3,2,2,33,3,2,2,2,2,2,2,2,2,19,1,1,2,1,2,1,1,9,"below115","below128","below_m","odd","col",61
"298",298,"",14,"2",9,7,5,2,77,22,2.8125,3.4375,3.125,10,23,8,25,21,10,49,48,97,2,1,2,1,2,1,2,1,2,2,1,2,2,1,2,1,25,1,2,2,1,1,1,1,2,2,13,1,2,1,1,1,1,1,8,"below115","below128","below_m","even","mex",46
"299",299,"",12,"1",6,3,4,1,102,11,3.75,3.4375,3.59375,18,23,15,28,21,18,72,51,123,3,2,2,2,1,1,2,1,1,3,1,2,1,2,1,2,27,2,2,1,2,2,1,1,2,2,15,1,1,1,1,2,1,1,8,"below115","below128","below_m","odd","col",50
"300",300,"2.9",16,"2",9,5,3,1,86,19,1.25,5,3.125,15,29,11,31,33,14,73,60,133,3,3,3,3,2,1,2,3,2,3,1,2,3,3,3,3,40,2,2,3,3,2,2,3,2,2,21,1,1,1,1,2,1,1,8,"below115","below128","below_m","even","col",69
"301",301,"4.2",12,"1",6,4,1,1,117,24,2.1875,3.75,2.96875,14,30,5,24,16,7,42,54,96,3,3,1,2,1,1,2,1,2,2,1,2,2,2,3,1,29,2,1,2,2,1,1,2,1,1,13,2,1,1,1,2,1,1,9,"above115","below128","above_m","odd","col",51
"302",302,"4",14,"1",8,5,3,1,100,25,2.1875,5,3.59375,17,28,13,31,31,16,77,59,136,2,3,2,3,1,1,2,1,3,3,1,3,3,3,3,3,37,2,2,3,2,1,2,2,2,3,19,1,1,1,1,3,1,1,9,"below115","below128","below_m","even","col",65
"303",303,"",15,"2",8,6,1,1,100,17,3.125,3.4375,3.28125,19,20,16,22,30,13,78,42,120,3,2,3,2,3,3,2,2,2,3,1,2,2,1,3,1,35,2,1,1,3,2,1,3,1,2,16,1,1,2,1,2,1,1,9,"below115","below128","below_m","odd","col",60
"304",304,"4.1",11,"1",6,5,3,1,104,25,1.875,4.6875,3.28125,11,26,8,21,19,11,49,47,96,2,2,1,1,2,1,2,1,2,1,1,1,2,1,2,1,23,1,1,1,1,1,1,1,1,2,10,1,1,1,1,3,1,1,9,"below115","below128","above_m","even","col",42
"305",305,"3.1",14,"2",7,5,3,1,80,23,2.5,3.125,2.8125,25,24,17,29,35,19,96,53,149,2,1,1,1,1,1,1,1,1,3,1,3,1,3,3,3,27,2,2,3,2,2,1,2,2,3,19,1,1,1,1,1,1,1,7,"below115","below128","below_m","odd","col",53
"306",306,"",12,"2",7,3,4,1,106,14,3.125,3.75,3.4375,17,22,8,22,25,11,61,44,105,2,2,2,1,1,1,2,1,1,2,1,1,2,2,1,1,23,2,1,1,2,1,1,2,2,1,13,1,1,1,1,2,1,1,8,"below115","below128","above_m","even","col",44
"307",307,"",12,"2",8,8,6,2,115,25,1.25,4.0625,2.65625,16,29,9,24,30,8,63,53,116,2,2,2,3,2,1,2,1,2,3,2,3,1,3,3,3,35,2,1,1,3,1,1,1,1,1,12,1,1,1,1,1,1,1,7,"below115","below128","above_m","odd","mex",54
"308",308,"",15,"1",8,7,5,2,78,24,2.8125,5,3.90625,17,27,7,29,19,8,51,56,107,3,3,2,1,3,2,3,3,1,3,1,1,1,1,1,1,30,2,1,3,2,1,1,3,1,2,16,1,1,1,1,1,1,1,7,"below115","below128","below_m","even","mex",53
"309",309,"",11,"1",6,10,5,2,92,23,2.8125,4.0625,3.4375,12,19,10,23,21,12,55,42,97,2,2,2,2,2,2,2,3,3,3,2,2,2,2,3,1,35,1,2,1,2,1,2,1,2,3,15,1,1,2,1,2,1,1,9,"below115","below128","below_m","odd","mex",59
"310",310,"3.3",12,"2",6,5,3,1,87,24,2.1875,4.375,3.28125,15,28,10,28,16,14,55,56,111,3,2,1,3,1,1,2,1,1,2,1,1,2,1,2,1,25,1,1,3,1,1,2,1,1,2,13,1,1,2,1,1,1,1,8,"below115","below128","below_m","even","col",46
"311",311,"",13,"1",7,2,1,1,110,22,4.375,3.75,4.0625,25,23,20,35,43,20,108,58,166,3,3,3,3,3,3,3,2,3,3,3,3,3,3,3,3,47,3,3,3,3,2,2,3,3,3,25,1,1,3,1,1,1,1,9,"below115","below128","above_m","odd","col",81
"312",312,"2.9",13,"1",7,5,3,1,83,20,2.1875,2.1875,2.1875,20,23,11,22,18,13,62,45,107,1,2,1,3,2,1,3,3,2,3,3,2,1,3,1,1,32,3,2,2,3,2,1,1,1,3,18,1,1,1,1,1,1,1,7,"below115","below128","below_m","even","col",57
"313",313,"",12,"1",8,9,5,2,113,23,3.4375,3.125,3.28125,12,25,7,26,30,14,63,51,114,3,2,2,3,2,1,2,1,3,3,3,2,2,2,3,3,37,2,2,3,2,1,1,1,2,2,16,1,2,2,1,2,1,1,10,"below115","below128","above_m","odd","mex",63
"314",314,"",13,"1",7,6,1,1,112,15,3.125,2.1875,2.65625,22,22,14,13,24,18,78,35,113,3,3,2,3,2,1,2,2,2,3,1,3,2,3,3,3,38,2,2,2,2,2,1,1,1,2,15,1,1,1,1,1,1,1,7,"below115","below128","above_m","even","col",60
"315",315,"4.2",12,"2",6,4,1,1,109,23,2.8125,3.75,3.28125,14,23,4,20,15,9,42,43,85,2,1,2,1,2,1,2,1,3,2,2,1,2,1,3,2,28,2,1,1,1,1,1,1,1,2,11,1,1,2,1,1,1,1,8,"below115","below128","above_m","odd","col",47
"316",316,"3.7",12,"1",7,5,3,1,93,21,1.875,3.4375,2.65625,12,23,13,22,11,13,49,45,94,2,2,3,1,1,1,1,2,1,2,1,1,1,2,2,1,24,1,1,2,1,1,1,2,1,2,12,1,1,1,1,1,1,1,7,"below115","below128","below_m","even","col",43
"317",317,"",13,"1",8,8,6,2,109,12,2.8125,3.4375,3.125,10,11,11,17,24,14,59,28,87,2,2,2,3,2,2,1,1,2,2,1,2,2,3,2,2,31,1,2,1,1,1,1,1,1,2,11,1,2,2,1,1,1,1,9,"below115","below128","above_m","odd","mex",51
"318",318,"3.5",15,"1",8,5,3,1,78,19,4.0625,3.75,3.90625,15,22,12,21,27,12,66,43,109,2,3,2,2,2,1,2,1,1,3,1,3,3,3,3,3,35,2,3,3,3,3,1,2,3,3,23,1,1,3,1,1,1,1,9,"below115","below128","below_m","even","col",67
"319",319,"3.8",12,"1",6,5,2,1,99,21,2.8125,3.4375,3.125,23,27,14,30,34,14,85,57,142,3,3,2,3,3,2,1,2,2,2,2,2,3,2,3,3,38,2,2,3,3,2,1,1,3,2,19,1,1,1,1,1,1,1,7,"below115","below128","below_m","odd","col",64
"320",320,"",11,"2",6,6,1,1,100,22,2.8125,2.5,2.65625,13,18,10,16,20,8,51,34,85,2,2,2,3,1,1,2,2,2,2,1,2,3,2,3,1,31,3,2,2,3,3,3,2,3,3,24,1,1,1,1,3,1,2,10,"below115","below128","below_m","even","col",65
"321",321,"",13,"1",8,6,1,1,101,24,2.1875,4.0625,3.125,19,26,9,28,24,15,67,54,121,2,2,2,1,1,1,2,1,2,3,1,3,3,3,3,3,33,2,1,3,3,2,1,2,1,3,18,1,2,3,1,3,1,1,12,"below115","below128","below_m","odd","col",63
"322",322,"",12,"2",6,10,5,2,92,19,2.1875,3.125,2.65625,16,21,15,15,24,14,69,36,105,2,2,1,2,2,1,1,1,2,1,2,3,2,3,2,3,30,1,2,1,2,2,3,1,3,2,17,2,2,3,1,1,1,1,11,"below115","below128","below_m","even","mex",58
"323",323,"",13,"2",7,6,1,1,108,5,1.875,1.875,1.875,14,22,14,13,19,10,57,35,92,1,1,1,1,1,1,1,1,2,2,3,1,1,1,2,1,21,1,1,2,1,1,1,1,1,1,10,1,1,1,1,1,1,1,7,"below115","below128","above_m","odd","col",38
"324",324,"3.2",14,"2",8,5,3,1,101,9,1.25,4.0625,2.65625,15,19,11,27,21,14,61,46,107,3,2,3,2,2,3,1,1,2,3,3,3,3,3,2,1,37,2,3,2,3,2,1,1,1,2,17,1,2,3,1,1,1,2,11,"below115","below128","below_m","even","col",65
"325",325,"",14,"1",9,7,5,2,101,21,3.125,2.8125,2.96875,22,28,14,34,30,14,80,62,142,3,3,2,2,3,3,2,2,3,2,3,2,2,1,3,2,38,3,3,3,3,2,3,3,2,3,25,1,1,1,1,3,1,2,10,"below115","below128","below_m","odd","mex",73
"326",326,"4.2",11,"1",6,2,1,1,115,23,3.4375,4.375,3.90625,19,28,18,29,36,15,88,57,145,3,2,2,2,2,2,2,3,3,3,3,1,2,3,3,3,39,3,3,2,3,3,3,2,3,3,25,2,2,1,1,1,1,1,9,"below115","below128","above_m","even","col",73
"327",327,"",12,"2",8,7,5,2,89,24,5,5,5,23,27,19,29,35,18,95,56,151,2,2,3,3,3,1,2,2,1,3,2,3,3,3,3,3,39,3,3,3,3,3,3,1,3,3,25,2,1,3,2,1,1,1,11,"below115","below128","below_m","odd","mex",75
"328",328,"",14,"2",9,3,4,1,101,24,2.8125,4.6875,3.75,21,28,7,31,33,19,80,59,139,2,2,3,3,3,3,2,3,3,3,2,3,3,3,3,3,44,3,3,3,3,2,1,3,3,2,23,1,1,1,1,2,1,1,8,"below115","below128","below_m","even","col",75
"329",329,"",14,"1",8,3,4,1,111,18,3.125,2.5,2.8125,21,22,13,26,36,14,84,48,132,3,3,3,2,3,1,3,3,2,3,2,2,3,3,3,2,41,3,3,2,3,2,2,1,3,2,21,1,1,1,1,1,1,1,7,"below115","below128","above_m","odd","col",69
"330",330,"3.7",14,"1",8,4,1,1,90,25,3.125,2.8125,2.96875,21,28,14,29,33,15,83,57,140,2,3,2,2,2,2,2,1,2,3,2,3,2,3,3,2,36,2,2,2,2,2,1,2,2,2,17,1,1,2,1,2,1,2,10,"below115","below128","below_m","even","col",63
"331",331,"",13,"1",9,6,1,1,91,22,1.875,3.75,2.8125,22,25,16,26,26,16,80,51,131,3,3,2,2,2,2,3,2,2,3,2,2,3,3,2,1,37,3,3,2,3,2,2,1,3,3,22,1,1,1,1,2,1,1,8,"below115","below128","below_m","odd","col",67
"332",332,"",11,"1",6,10,5,2,81,24,1.875,1.25,1.5625,22,29,20,26,33,20,95,55,150,3,3,3,3,2,3,2,2,2,3,3,3,3,3,2,3,43,3,3,3,3,3,3,3,3,3,27,1,1,1,1,1,1,1,7,"below115","below128","below_m","even","mex",77
"333",333,"",13,"1",8,7,5,2,100,13,2.5,1.5625,2.03125,11,18,11,16,20,10,52,34,86,1,1,2,2,1,2,1,1,2,2,1,1,2,1,1,2,23,1,1,1,1,1,1,1,2,1,10,1,1,2,1,1,1,1,8,"below115","below128","below_m","odd","mex",41
"334",334,"",13,"1",6,6,1,1,107,20,2.8125,2.8125,2.8125,17,23,13,24,38,18,86,47,133,2,2,3,3,2,1,3,2,1,2,3,3,1,1,3,3,35,2,1,3,3,1,1,1,3,3,18,1,1,1,1,2,3,1,10,"below115","below128","above_m","even","col",63
"335",335,"3.5",14,"2",8,5,3,1,98,20,2.5,3.125,2.8125,11,28,11,29,18,12,52,57,109,1,2,2,3,2,1,2,1,2,1,2,1,1,1,1,1,24,1,1,1,2,1,1,1,1,1,10,1,1,1,1,2,1,1,8,"below115","below128","below_m","odd","col",42
"336",336,"",11,"2",7,8,6,2,117,24,1.875,4.375,3.125,22,27,15,26,23,9,69,53,122,3,2,2,2,3,2,2,2,2,2,1,1,2,1,3,2,32,3,2,2,3,1,1,1,1,2,16,1,2,3,1,1,1,2,11,"above115","below128","above_m","even","mex",59
"337",337,"",13,"2",6,6,1,3,107,23,2.8125,3.75,3.28125,20,24,9,23,9,12,50,47,97,2,3,2,1,2,3,2,2,1,3,1,2,3,1,2,1,31,3,1,3,3,1,1,1,3,3,19,1,2,1,1,2,1,1,9,"below115","below128","above_m","odd","col",59
"338",338,"",13,"2",9,8,6,2,112,22,2.8125,2.5,2.65625,18,23,10,21,25,15,68,44,112,2,3,2,2,3,3,2,2,2,3,2,3,2,3,2,3,39,2,3,2,2,2,1,1,1,3,17,1,2,1,1,1,1,1,8,"below115","below128","above_m","even","mex",64
"339",339,"",11,"2",6,10,5,2,90,25,4.6875,4.375,4.53125,25,28,19,34,42,19,105,62,167,3,3,2,3,3,3,3,3,3,3,3,3,2,3,3,3,46,3,3,3,3,3,3,3,3,3,27,2,3,3,3,3,3,1,18,"below115","below128","below_m","odd","mex",91
"340",340,"",13,"2",7,6,1,3,90,12,2.5,3.75,3.125,23,25,19,30,39,20,101,55,156,2,2,2,2,2,2,2,2,3,3,3,3,2,3,3,3,39,3,3,3,3,3,3,3,3,3,27,2,3,2,1,2,2,1,13,"below115","below128","below_m","even","col",79
"341",341,"3.6",13,"2",7,5,3,1,95,23,3.4375,3.4375,3.4375,20,26,10,32,28,15,73,58,131,3,3,2,1,1,2,3,3,2,3,3,3,2,2,3,2,38,3,2,3,3,2,3,3,2,3,24,3,3,2,3,3,3,3,20,"below115","below128","below_m","odd","col",82
"342",342,"3.8",13,"2",8,5,3,1,81,19,2.8125,4.0625,3.4375,21,24,16,24,30,17,84,48,132,2,3,2,3,3,3,2,3,3,3,2,3,2,3,3,3,43,3,3,1,3,3,2,1,2,3,21,1,1,2,1,2,2,1,10,"below115","below128","below_m","even","col",74
"343",343,"3.4",12,"1",6,5,3,1,95,17,4.6875,2.8125,3.75,13,20,14,24,29,20,76,44,120,3,2,1,3,1,1,1,1,3,3,2,3,2,3,3,3,35,1,1,1,1,1,1,1,1,3,11,1,1,1,1,1,1,1,7,"below115","below128","below_m","odd","col",53
"344",344,"",13,"1",8,7,5,2,94,24,2.1875,3.75,2.96875,21,25,4,29,17,11,53,54,107,1,2,2,2,2,1,1,1,1,1,1,1,1,1,2,1,21,2,1,2,2,1,1,2,1,1,13,1,2,2,1,1,1,2,10,"below115","below128","below_m","even","mex",44
"345",345,"4.2",15,"2",8,5,3,1,100,22,3.4375,3.125,3.28125,18,23,14,28,31,14,77,51,128,2,3,3,3,3,3,3,2,3,3,3,3,3,3,3,3,46,2,2,2,2,2,3,2,2,3,20,2,2,2,2,3,2,2,15,"below115","below128","below_m","odd","col",81
"346",346,"",13,"1",8,7,5,2,100,16,3.4375,2.5,2.96875,13,19,11,13,14,10,48,32,80,1,1,1,1,1,1,1,1,1,2,1,1,1,1,2,1,18,1,2,1,2,1,2,3,1,1,14,1,1,1,1,1,1,1,7,"below115","below128","below_m","even","mex",39
"347",347,"",11,"1",6,10,5,2,79,22,3.125,2.8125,2.96875,15,23,12,27,25,16,68,50,118,3,3,2,3,3,1,3,2,3,3,2,3,3,1,3,3,41,3,3,3,3,1,2,2,3,2,22,1,1,1,1,2,1,1,8,"below115","below128","below_m","odd","mex",71
"348",348,"",13,"2",7,6,1,1,110,21,1.875,4.6875,3.28125,20,20,7,22,24,14,65,42,107,3,2,3,1,2,2,2,2,3,2,3,1,2,1,2,1,32,2,1,2,2,1,1,1,2,1,13,1,1,1,1,1,1,1,7,"below115","below128","above_m","even","col",52
"349",349,"3.7",14,"2",8,5,3,1,100,17,2.1875,2.5,2.34375,15,22,7,21,22,13,57,43,100,2,3,2,2,2,1,2,1,2,3,2,3,3,3,3,3,37,3,1,3,3,1,1,2,2,2,18,1,2,2,1,1,1,1,9,"below115","below128","below_m","odd","col",64
"350",350,"",13,"1",8,8,6,2,120,20,2.8125,4.375,3.59375,14,25,4,28,15,9,42,53,95,3,3,2,1,2,2,2,2,1,2,1,1,1,2,1,1,27,2,1,2,1,1,1,1,1,1,11,1,1,1,1,2,1,1,8,"above115","below128","above_m","even","mex",46
"351",351,"",14,"2",9,8,6,2,122,25,3.4375,3.75,3.59375,22,29,13,30,40,17,92,59,151,3,3,3,3,3,2,3,2,3,3,3,2,3,3,3,2,44,2,2,2,3,3,3,2,3,2,22,1,3,3,2,3,1,3,16,"above115","below128","above_m","odd","mex",82
"352",352,"",11,"1",6,10,5,2,130,19,2.8125,4.375,3.59375,9,19,13,19,20,12,54,38,92,2,1,3,3,1,3,2,3,3,3,2,3,3,1,3,1,37,1,2,1,1,1,2,2,1,2,13,1,2,3,2,1,1,2,12,"above115","above128","above_m","even","mex",62
"353",353,"",15,"1",7,6,1,1,121,23,2.5,3.75,3.125,20,25,12,28,25,13,70,53,123,3,3,1,3,1,1,2,2,2,3,1,2,2,2,2,1,31,2,2,2,3,1,2,1,2,3,18,1,1,1,1,1,1,1,7,"above115","below128","above_m","odd","col",56
"354",354,"",13,"1",8,8,6,2,126,25,1.25,5,3.125,13,30,4,23,9,4,30,53,83,3,3,3,1,3,1,3,2,1,1,1,1,1,1,1,1,27,1,1,1,1,1,1,1,1,1,9,1,1,1,1,3,1,1,9,"above115","below128","above_m","even","mex",45
"355",355,"4.2",12,"2",6,4,1,1,122,24,2.1875,3.4375,2.8125,7,24,4,23,15,8,34,47,81,2,1,1,1,2,1,2,2,2,3,1,2,2,2,2,1,27,1,1,1,1,1,1,1,1,2,10,2,1,1,1,2,1,1,9,"above115","below128","above_m","odd","col",46
"356",356,"3.4",11,"2",6,5,2,1,120,20,3.125,3.4375,3.28125,19,28,15,24,27,17,78,52,130,2,2,1,3,1,3,2,2,3,2,3,1,2,1,3,2,33,2,1,3,2,3,2,2,3,3,21,1,1,1,1,2,1,1,8,"above115","below128","above_m","even","col",62
"357",357,"",13,"2",7,3,4,1,123,21,2.1875,3.75,2.96875,25,25,14,27,18,8,65,52,117,2,2,3,2,3,3,2,2,3,2,1,2,3,3,2,2,37,3,3,2,3,2,2,2,3,3,23,2,3,2,1,2,1,1,12,"above115","below128","above_m","odd","col",72
"358",358,"4.2",12,"2",6,4,1,1,130,21,3.125,2.5,2.8125,13,28,15,28,31,12,71,56,127,3,3,1,3,1,1,2,3,2,3,2,3,2,3,3,2,37,1,2,1,2,2,1,2,1,2,14,1,1,1,1,1,1,1,7,"above115","above128","above_m","even","col",58
"359",359,"",11,"1",7,8,6,2,142,25,1.5625,3.75,2.65625,7,24,4,18,9,10,30,42,72,1,1,1,1,1,1,1,1,1,2,1,2,1,1,1,1,18,1,1,1,1,1,1,1,1,1,9,1,1,1,1,1,1,1,7,"above115","above128","above_m","odd","mex",34
"360",360,"",13,"1",9,8,6,2,140,17,2.8125,2.8125,2.8125,8,15,5,28,29,16,58,43,101,2,1,2,1,1,1,2,3,1,3,1,3,2,3,3,3,32,1,1,2,1,1,2,1,1,1,11,2,1,1,1,2,1,1,9,"above115","above128","above_m","even","mex",52
"361",361,"",12,"1",7,8,6,2,127,20,1.5625,5,3.28125,19,29,9,35,31,12,71,64,135,3,3,3,3,3,2,3,1,3,3,3,3,3,3,3,3,45,1,1,1,1,1,1,1,1,3,11,1,1,1,1,1,1,1,7,"above115","below128","above_m","odd","mex",63
"362",362,"",12,"1",7,8,6,2,137,24,4.0625,3.75,3.90625,7,27,7,17,10,15,39,44,83,2,1,2,1,1,1,1,2,3,3,3,1,2,1,1,1,26,1,1,3,1,1,1,2,1,1,12,1,1,1,1,1,1,1,7,"above115","above128","above_m","even","mex",45
"363",363,"",13,"2",8,8,6,2,120,10,4.6875,2.5,3.59375,10,20,6,23,32,17,65,43,108,2,2,2,3,2,1,1,1,2,3,2,3,2,3,3,3,35,1,1,2,1,1,2,2,1,1,12,1,1,2,1,1,1,1,8,"above115","below128","above_m","odd","mex",55
"364",364,"",12,"2",6,10,5,2,120,20,3.4375,3.4375,3.4375,15,18,8,28,32,12,67,46,113,3,3,2,2,2,2,3,2,3,3,2,3,2,3,3,3,41,2,1,1,2,1,1,1,1,3,13,1,1,2,1,1,1,1,8,"above115","below128","above_m","even","mex",62
"365",365,"",15,"1",9,1,1,1,126,20,3.125,4.375,3.75,16,29,13,20,21,14,64,49,113,3,3,3,3,2,3,2,2,1,3,2,2,2,3,3,2,39,2,2,1,2,1,1,1,1,3,14,2,2,3,1,1,1,1,11,"above115","below128","above_m","odd","col",64
"366",366,"",11,"2",6,1,1,1,126,23,3.4375,3.4375,3.4375,24,22,19,24,32,17,92,46,138,3,2,3,3,2,1,2,2,2,3,1,2,3,3,2,2,36,3,3,2,3,2,2,2,3,3,23,1,1,1,1,2,1,1,8,"above115","below128","above_m","even","col",67
"367",367,"",15,"1",9,6,1,1,127,25,2.1875,4.0625,3.125,17,18,18,24,26,15,76,42,118,2,2,3,2,3,1,2,2,2,3,2,3,3,3,2,1,36,2,3,3,3,2,3,1,2,3,22,1,2,3,2,3,1,1,13,"above115","below128","above_m","odd","col",71
"368",368,"",11,"1",7,7,5,2,121,21,3.125,5,4.0625,11,25,9,18,15,9,44,43,87,1,1,1,1,1,1,1,1,1,3,1,1,1,3,1,2,21,1,2,2,1,1,1,1,1,1,11,1,1,2,1,1,1,1,8,"above115","below128","above_m","even","mex",40
"369",369,"4.4",14,"2",7,5,3,3,133,24,2.8125,4.6875,3.75,16,22,7,24,25,11,59,46,105,2,2,1,2,2,1,2,1,1,2,1,1,1,1,2,1,23,1,1,2,1,1,1,1,1,1,10,2,1,1,1,3,1,1,10,"above115","above128","above_m","odd","col",43
"370",370,"4.2",12,"2",7,4,1,1,125,19,3.4375,3.125,3.28125,20,23,13,31,37,18,88,54,142,2,3,3,2,2,2,3,1,3,3,2,1,3,3,3,3,39,3,2,3,2,2,2,3,2,3,22,3,3,2,2,1,2,1,14,"above115","below128","above_m","even","col",75
"371",371,"",14,"1",9,1,1,1,120,19,3.4375,3.75,3.59375,9,18,4,23,14,6,33,41,74,2,2,1,1,2,1,1,3,2,3,2,3,3,3,2,2,33,1,2,2,2,1,1,1,1,2,13,1,2,3,2,1,1,1,11,"above115","below128","above_m","odd","col",57
"372",372,"3.7",13,"1",6,5,3,1,129,22,3.125,2.8125,2.96875,15,19,12,18,16,14,57,37,94,1,2,1,1,1,2,2,1,2,2,1,1,1,1,2,1,22,1,2,1,2,1,1,1,1,2,12,2,1,1,1,2,1,1,9,"above115","above128","above_m","even","col",43
"373",373,"",12,"2",8,8,6,2,120,17,3.125,3.125,3.125,12,22,9,23,21,10,52,45,97,2,3,2,2,3,2,3,2,2,3,2,1,2,3,2,1,35,2,2,2,3,1,1,1,2,1,15,1,1,1,1,1,1,1,7,"above115","below128","above_m","odd","mex",57
"374",374,"",13,"2",9,8,6,2,127,23,2.8125,3.125,2.96875,7,24,4,19,18,15,44,43,87,2,1,1,1,2,1,1,1,2,3,1,2,2,2,3,1,26,1,1,1,1,1,1,1,1,1,9,1,2,1,1,1,1,1,8,"above115","below128","above_m","even","mex",43
"375",375,"",13,"2",6,6,1,1,122,23,1.5625,4.0625,2.8125,19,22,12,27,25,15,71,49,120,1,3,1,3,2,1,3,3,3,3,3,3,1,3,3,1,37,3,3,3,3,3,3,2,3,3,26,1,1,1,1,1,1,1,7,"above115","below128","above_m","odd","col",70
"376",376,"4.2",13,"2",7,4,1,1,130,18,3.75,3.4375,3.59375,16,15,10,22,26,15,67,37,104,2,2,1,2,1,1,2,2,2,3,2,3,2,3,3,2,33,2,1,3,2,1,1,2,1,3,16,1,3,2,1,1,1,1,10,"above115","above128","above_m","even","col",59
"377",377,"",17,"2",9,6,1,1,120,22,4.6875,4.6875,4.6875,15,23,13,23,21,14,63,46,109,3,1,3,3,3,3,2,2,3,3,3,2,3,1,3,1,39,2,2,2,2,1,1,1,2,1,14,1,2,2,1,1,1,1,9,"above115","below128","above_m","odd","col",62
"378",378,"4.2",13,"2",8,4,1,1,122,21,2.8125,2.8125,2.8125,20,24,12,27,27,10,69,51,120,3,3,3,3,2,2,3,1,3,3,2,2,3,3,3,3,42,2,1,1,1,1,1,1,2,3,13,1,2,1,1,1,1,1,8,"above115","below128","above_m","even","col",63
"379",379,"",14,"1",9,6,1,1,134,21,4.0625,4.375,4.21875,17,21,16,25,26,13,72,46,118,3,3,3,3,3,2,3,3,3,3,3,3,3,3,3,3,47,2,2,2,2,3,2,2,3,3,21,2,3,3,1,3,1,1,14,"above115","above128","above_m","odd","col",82
"380",379,"4.2",12,"1",7,2,1,1,119,21,2.5,3.8,3.1,15,24,13,22,36,19,83,46,129,2,2,3,2,2,1,2,1,3,3,1,3,2,3,3,3,36,1,3,1,2,2,1,2,1,3,16,1,1,1,1,2,1,1,8,"above115","below128","above_m","even","col",60
"381",379,"",13,"1",8,7,5,2,116,24,1.9,4.7,3.3,16,27,9,26,17,7,49,53,102,3,3,2,2,2,1,3,2,2,1,2,1,2,1,1,2,30,2,1,2,1,1,2,1,1,2,13,1,2,1,1,1,1,1,8,"above115","below128","above_m","odd","mex",51
"382",379,"",15,"1",9,3,4,1,115,24,3.4,2.8,3.1,17,24,12,29,25,10,64,53,117,2,3,2,3,2,1,2,1,2,3,1,3,2,3,3,2,35,2,3,1,2,2,1,1,2,2,16,3,2,1,1,1,1,1,10,"below115","below128","above_m","even","col",61
"383",379,"",15,"1",7,6,1,1,119,25,2.2,5,3.6,14,28,4,19,9,8,35,47,82,3,3,2,2,1,1,3,2,2,2,1,1,1,2,1,1,28,1,1,1,2,1,1,1,1,1,10,1,1,1,1,1,1,1,7,"above115","below128","above_m","odd","col",45
"384",379,"",11,"2",6,10,5,2,115,24,1.6,3.8,2.7,14,26,7,19,19,10,50,45,95,1,2,1,1,1,1,2,1,1,2,1,1,1,1,1,1,19,1,1,1,2,1,1,1,1,1,10,1,2,1,1,2,1,1,9,"below115","below128","above_m","even","mex",38
"385",379,"",13,"1",8,6,1,1,116,20,5,3.4,4.2,22,25,17,24,40,17,96,49,145,2,3,3,3,2,2,3,3,3,3,2,3,3,3,3,3,44,2,2,2,3,2,2,1,3,3,20,2,1,3,1,2,1,1,11,"above115","below128","above_m","odd","col",75
"386",379,"",13,"2",7,6,1,1,119,23,2.2,3.1,2.7,22,23,16,27,34,14,86,50,136,2,3,2,2,2,2,3,3,2,3,2,3,2,3,3,1,38,3,2,2,3,2,2,2,3,3,22,1,1,2,1,2,1,1,9,"above115","below128","above_m","even","col",69
"387",379,"",14,"2",8,1,1,1,116,17,3.8,4.1,3.9,18,21,10,21,14,9,51,42,93,1,1,1,1,1,2,1,2,1,1,2,1,1,1,1,1,19,1,1,1,1,1,1,1,1,1,9,1,1,1,1,1,1,1,7,"above115","below128","above_m","odd","col",35
"388",379,"",12,"2",6,2,1,1,115,20,1.6,4.1,2.8,16,22,9,22,22,8,55,44,99,2,2,2,2,1,2,1,3,2,1,2,1,2,1,2,1,27,2,1,2,2,2,1,1,1,1,13,1,1,1,1,1,1,1,7,"below115","below128","above_m","even","col",47
"389",379,"",12,"1",8,8,6,2,115,18,3.1,3.1,3.1,20,19,7,22,11,9,47,41,88,2,2,2,2,2,2,2,1,2,2,2,2,2,2,2,1,30,2,1,2,3,1,1,1,1,2,14,1,1,1,1,1,1,1,7,"below115","below128","above_m","odd","mex",51
"390",379,"",13,"2",9,6,1,1,117,24,2.8,4.4,3.6,17,18,11,28,20,15,63,46,109,2,2,2,3,2,1,1,3,3,3,1,1,2,1,3,2,32,2,1,3,2,1,1,1,1,1,13,1,2,2,1,2,1,1,10,"above115","below128","above_m","even","col",55
"391",379,"",14,"1",9,6,1,1,117,14,2.5,2.8,2.7,21,14,12,18,32,10,75,32,107,2,1,1,1,1,1,1,1,2,2,1,1,2,3,2,2,24,2,2,2,2,1,1,1,1,2,14,1,1,1,1,2,1,1,8,"above115","below128","above_m","odd","col",46
"392",379,"",11,"1",8,9,5,2,115,18,2.8,4.4,3.6,11,24,6,28,19,16,52,52,104,2,2,2,2,1,2,1,1,2,3,1,2,3,1,2,1,28,1,1,2,1,1,1,2,1,1,11,1,2,2,1,1,1,1,9,"below115","below128","above_m","even","mex",48
"393",379,"",11,"1",6,3,4,1,117,25,3.4,3.8,3.6,13,20,7,25,20,11,51,45,96,2,2,1,2,2,1,1,2,2,2,2,1,2,1,2,1,26,1,1,2,1,1,1,1,1,1,10,1,2,1,1,1,1,1,8,"above115","below128","above_m","odd","col",44
"394",379,"4.2",13,"2",8,4,1,1,118,22,1.6,4.4,3,14,26,7,31,27,13,61,57,118,3,2,3,2,3,1,3,2,2,3,1,2,3,3,3,1,37,2,2,1,1,1,1,1,1,1,11,1,1,2,1,2,1,2,10,"above115","below128","above_m","even","col",58
"395",379,"",14,"2",9,6,1,1,117,16,2.5,4.1,3.3,14,19,12,21,24,12,62,40,102,2,2,1,1,1,1,2,1,1,1,1,1,1,1,1,2,20,1,2,2,2,1,2,2,2,1,15,1,1,1,1,1,1,1,7,"above115","below128","above_m","odd","col",42
"396",379,"",14,"2",9,6,1,1,115,18,3.4,1.9,2.7,16,17,12,22,33,14,75,39,114,3,3,2,3,3,3,3,2,3,3,2,2,2,2,1,2,39,2,2,1,3,1,1,1,2,3,16,1,2,2,1,2,1,1,10,"below115","below128","above_m","even","col",65
"397",379,"4.2",14,"1",7,5,3,1,117,24,2.2,4.7,3.4,20,30,12,33,35,15,82,63,145,3,3,2,2,3,2,3,2,3,3,2,2,2,3,3,1,39,3,2,2,1,1,2,3,2,1,17,2,2,3,1,1,1,1,11,"above115","below128","above_m","odd","col",67
"398",379,"4.2",12,"2",6,4,1,1,115,21,1.6,3.8,2.7,20,27,4,24,14,7,45,51,96,3,3,2,1,3,1,3,2,2,2,2,1,2,1,1,1,30,2,1,2,2,2,1,1,1,1,13,1,1,1,1,2,1,1,8,"below115","below128","above_m","even","col",51
"399",379,"4.2",12,"2",7,4,1,1,117,18,5,2.5,3.8,15,29,7,29,33,15,70,58,128,3,2,3,3,3,2,2,1,3,3,2,2,1,3,3,3,39,1,2,3,1,1,1,3,1,2,15,2,1,1,1,1,1,1,8,"above115","below128","above_m","odd","col",62
"400",379,"",14,"2",8,6,1,1,116,22,3.4,4.1,3.8,21,22,14,23,32,11,78,45,123,2,2,3,2,2,1,2,2,2,2,1,1,3,3,3,2,33,2,1,2,1,1,2,1,1,2,13,1,1,1,1,2,1,1,8,"above115","below128","above_m","even","col",54
"401",379,"3.8",11,"1",6,5,3,1,117,23,1.9,3.8,2.8,14,25,9,21,20,9,52,46,98,2,1,2,2,3,1,2,1,2,3,1,2,1,1,1,2,27,2,1,1,2,1,1,3,2,1,14,1,1,1,1,1,1,1,7,"above115","below128","above_m","odd","col",48
"402",379,"",12,"1",6,6,1,1,115,23,1.9,3.4,2.7,19,30,16,25,20,13,68,55,123,2,2,2,2,1,2,1,2,2,3,1,1,1,1,1,1,25,3,3,1,3,1,3,1,3,3,21,1,1,1,1,2,1,1,8,"below115","below128","above_m","even","col",54
"403",379,"4.2",15,"2",9,5,3,1,115,20,2.5,4.7,3.6,5,24,4,20,20,10,39,44,83,2,1,2,3,2,2,1,2,3,3,1,3,3,3,3,3,37,1,1,2,1,1,1,2,1,1,11,1,1,1,1,2,1,1,8,"below115","below128","above_m","odd","col",56
"404",379,"4.7",12,"1",7,4,1,1,121,25,2.5,4.7,3.6,23,27,13,23,21,9,66,50,116,2,2,1,2,3,1,2,3,1,2,1,1,1,2,1,1,26,1,2,1,3,1,1,2,1,2,14,1,2,1,1,1,1,1,8,"above115","below128","above_m","even","col",48
"405",379,"",13,"1",8,8,6,2,122,23,2.8,4.1,3.4,9,20,5,22,17,9,40,42,82,2,1,1,2,2,1,1,1,1,2,1,1,1,2,2,2,23,1,1,1,1,1,1,1,1,1,9,1,2,2,1,1,1,1,9,"above115","below128","above_m","odd","mex",41
"406",379,"",12,"2",8,8,6,2,138,19,3.1,2.5,2.8,12,19,6,22,22,9,49,41,90,2,2,1,2,1,1,2,1,2,2,2,2,2,2,2,2,28,1,2,1,1,2,1,2,1,2,13,2,2,2,1,2,2,1,12,"above115","above128","above_m","even","mex",53
"407",379,"",11,"2",6,1,1,3,135,22,2.8,4.7,3.8,8,19,4,21,12,10,34,40,74,2,2,1,1,1,2,2,1,1,2,1,2,1,2,3,3,27,1,1,1,1,1,1,1,1,1,9,1,1,1,1,1,1,1,7,"above115","above128","above_m","odd","col",43
"408",379,"",14,"1",9,8,6,2,132,21,3.1,2.8,3,17,19,10,28,23,15,65,47,112,2,2,2,1,1,2,1,2,3,3,2,2,2,2,2,1,30,1,1,2,1,1,1,1,1,1,10,2,2,3,1,3,1,2,14,"above115","above128","above_m","even","mex",54
"409",379,"",13,"2",7,6,1,1,121,20,3.4,3.1,3.3,20,25,12,28,32,16,80,53,133,2,2,3,3,3,2,2,2,2,2,2,1,2,1,2,3,34,2,2,2,2,2,2,2,2,2,18,2,2,2,1,2,2,1,12,"above115","below128","above_m","odd","col",64
"410",379,"4.2",14,"2",8,4,1,1,122,17,2.2,3.4,2.8,24,20,16,17,20,13,73,37,110,2,2,2,1,1,1,1,1,2,3,2,2,2,2,3,2,29,3,3,2,3,3,2,2,2,3,23,1,1,1,1,1,1,1,7,"above115","below128","above_m","even","col",59
"411",379,"",13,"1",8,8,6,2,122,21,4.1,4.7,4.4,18,29,4,27,18,15,55,56,111,2,2,3,2,2,3,1,2,2,3,2,2,2,3,2,3,36,1,1,2,1,1,1,3,1,1,12,2,2,2,1,1,1,1,10,"above115","below128","above_m","odd","mex",58
"412",379,"",13,"1",8,8,6,2,120,22,4.1,4.1,4.1,16,24,6,35,19,13,54,59,113,2,2,2,1,2,1,2,3,2,3,2,3,3,1,2,1,32,2,1,3,2,1,1,2,1,2,15,2,1,1,1,1,1,1,8,"above115","below128","above_m","even","mex",55
"413",379,"",13,"2",8,8,6,2,127,24,1.6,5,3.3,15,30,10,32,29,19,73,62,135,3,3,2,2,2,1,3,2,2,3,2,3,3,3,2,2,38,2,2,2,2,1,1,1,1,1,13,1,2,2,1,2,1,1,10,"above115","below128","above_m","odd","mex",61
"414",379,"",14,"1",6,6,1,1,131,9,1.9,4.1,3,9,24,5,14,13,9,36,38,74,2,3,1,2,2,1,1,1,1,2,1,1,2,1,2,2,25,1,1,1,2,1,1,1,2,3,13,1,1,1,1,2,1,1,8,"above115","above128","above_m","even","col",46
"415",379,"4.2",11,"2",6,2,1,1,126,24,2.8,4.4,3.6,16,29,5,23,13,16,50,52,102,2,2,2,1,1,1,1,1,2,3,2,1,1,1,2,1,24,2,1,2,1,1,1,1,2,2,13,1,1,1,1,1,1,1,7,"above115","below128","above_m","odd","col",44
"416",379,"4.0",14,"1",8,5,3,1,134,18,2.8,3.4,3.1,10,23,7,23,19,10,46,46,92,3,1,3,2,1,2,1,1,1,3,2,1,3,1,3,2,30,1,2,2,1,1,1,1,1,1,11,1,1,1,1,1,1,1,7,"above115","above128","above_m","even","col",48
"417",379,"4.7",12,"2",7,4,1,1,123,25,3.4,3.8,3.6,19,20,15,26,21,13,68,46,114,2,2,2,3,2,1,2,2,2,3,2,3,2,3,3,1,35,2,3,2,2,3,2,1,2,3,20,3,3,3,1,2,2,2,16,"above115","below128","above_m","odd","col",71
"418",379,"",13,"2",9,8,6,2,132,20,4.1,3.1,3.6,20,23,14,26,30,18,82,49,131,2,1,3,2,2,3,1,1,3,3,3,3,3,3,3,3,39,2,2,2,1,2,1,1,2,2,15,1,1,1,1,1,1,1,7,"above115","above128","above_m","even","mex",61
"419",379,"",13,"1",8,8,6,2,127,19,3.1,2.8,3,11,18,9,19,32,14,66,37,103,2,2,3,2,2,2,2,3,3,3,3,3,2,3,3,3,41,1,1,1,1,1,1,1,1,1,9,1,1,2,1,1,1,1,8,"above115","below128","above_m","odd","mex",58
"420",379,"4.2",13,"2",8,4,1,1,124,20,1.9,3.4,2.7,14,26,5,24,16,12,47,50,97,2,2,1,1,2,1,2,2,2,2,1,1,1,1,2,1,24,1,1,2,2,1,1,2,2,1,13,3,2,1,1,1,2,1,11,"above115","below128","above_m","even","col",48
"421",379,"",14,"1",6,6,1,1,120,20,2.2,4.1,3.1,17,12,20,31,45,16,98,43,141,3,3,3,3,3,2,3,3,3,3,1,2,3,2,3,2,42,2,3,2,3,3,1,3,2,3,22,3,2,3,1,1,1,1,12,"above115","below128","above_m","odd","col",76
"422",379,"",12,"2",6,6,1,1,126,16,3.1,3.1,3.1,17,20,12,21,20,15,64,41,105,2,2,2,2,2,3,2,2,2,2,2,1,2,2,2,1,31,2,2,2,2,1,2,2,2,2,17,1,2,1,1,1,1,2,9,"above115","below128","above_m","even","col",57
"423",379,"",12,"1",7,1,1,1,137,25,2.5,4.4,3.4,14,26,14,19,25,10,63,45,108,3,3,1,3,1,1,3,1,2,3,1,3,1,3,3,2,34,2,2,1,2,1,1,2,2,3,16,1,1,1,1,1,1,1,7,"above115","above128","above_m","odd","col",57
"424",379,"",15,"1",7,6,1,1,132,24,3.8,5,4.4,20,29,15,31,21,19,75,60,135,2,3,2,2,1,1,3,1,2,3,2,1,2,2,3,1,31,1,2,2,3,2,1,2,2,2,17,2,1,1,1,1,2,1,9,"above115","above128","above_m","even","col",57
"425",379,"",13,"2",8,9,5,2,124,12,4.1,3.1,3.6,17,24,11,27,34,18,80,51,131,2,2,1,3,2,2,2,2,2,3,2,3,2,3,3,2,36,2,2,2,2,2,1,2,1,2,16,1,2,2,1,2,1,1,10,"above115","below128","above_m","odd","mex",62
"426",379,"",14,"2",8,6,1,1,120,13,1.3,4.1,2.7,11,21,13,17,18,13,55,38,93,1,1,1,2,1,1,1,1,2,3,1,2,1,3,3,1,25,3,3,1,2,3,3,2,3,3,23,1,1,1,1,1,1,1,7,"above115","below128","above_m","even","col",55
"427",379,"4.2",11,"2",7,4,1,1,133,21,2.8,3.8,3.3,20,23,11,29,23,14,68,52,120,2,3,2,1,2,2,3,1,3,2,2,1,2,1,2,1,30,2,2,2,3,2,1,1,2,2,17,1,1,2,1,2,1,1,9,"above115","above128","above_m","odd","col",56
"428",379,"",14,"1",9,8,6,2,126,24,1.9,4.7,3.3,5,28,4,34,28,11,48,62,110,3,3,2,1,3,2,3,2,2,3,1,1,1,3,2,1,33,1,1,2,1,1,1,1,1,1,10,1,2,2,1,3,1,2,12,"above115","below128","above_m","even","mex",55
"429",379,"",14,"1",8,9,5,2,127,20,4.4,2.8,3.6,9,21,4,18,17,11,41,39,80,2,1,1,1,1,1,1,1,1,2,1,2,2,2,2,2,23,1,1,1,1,1,1,1,1,1,9,2,3,2,1,1,1,2,12,"above115","below128","above_m","odd","mex",44
"430",379,"3.9",16,"2",9,5,3,1,122,21,2.5,4.1,3.3,12,22,20,31,41,14,87,53,140,3,2,3,2,3,1,3,1,2,3,1,3,3,3,3,1,37,1,3,1,1,1,3,2,3,2,17,1,2,2,1,1,1,1,9,"above115","below128","above_m","even","col",63
"431",379,"4.4",14,"1",9,5,3,1,120,23,2.5,4.4,3.4,23,30,13,31,25,16,77,61,138,3,3,2,2,2,1,3,1,3,3,2,2,2,3,3,2,37,2,2,2,3,2,1,1,2,1,16,1,1,1,1,1,1,1,7,"above115","below128","above_m","odd","col",60
"432",379,"4.2",12,"2",7,4,1,1,125,12,4.4,3.1,3.8,21,21,4,18,21,17,63,39,102,2,2,2,1,3,3,1,3,3,3,3,1,3,3,2,1,36,1,1,1,1,1,1,1,1,1,9,1,1,2,1,2,1,1,9,"above115","below128","above_m","even","col",54
"433",379,"",15,"2",9,6,1,1,132,17,3.1,3.4,3.3,17,21,13,21,22,18,70,42,112,1,1,1,1,1,2,1,1,2,1,2,1,1,1,1,1,19,1,1,1,2,1,1,1,1,2,11,1,1,1,1,1,1,1,7,"above115","above128","above_m","odd","col",37
